1921, 1, 1,.407,    9278,01, 0,   11,   80,   29,  197, 0.978, 279.7,  37.9,   8.8,  77.3
1921, 1, 1,.407,    9280,02, 6,   57,  266,   33,  152, 0.476, 250.2, 347.9, -12.2,  27.3
1921, 1, 1,.407,    9281,02, 4,    9,   28,    5,   16, 0.431, 330.4, 333.6,  18.8,  13.0
1921, 1, 1,.407,    9282,02, 1,   34,  217,   36,  230, 0.879,  97.3, 258.9,  -8.0, -61.7
1921, 1, 2,.330,    9280,02, 6,   24,  140,   16,   93, 0.655, 254.5, 348.7, -12.7,  40.3
1921, 1, 2,.330,    9282,02, 1,   57,  311,   44,  237, 0.751,  97.5, 259.7,  -7.9, -48.7
1921, 1, 3,.474,    9280,02, 6,   18,   87,   17,   80, 0.834, 256.8, 349.7, -12.9,  56.4
1921, 1, 3,.474,    9282,02, 1,  148,  476,   89,  285, 0.546,  98.7, 260.3,  -7.7, -33.0
1921, 1, 4,.395,    9280,02, 6,   14,   57,   20,   79, 0.930, 256.9, 349.9, -13.5,  68.7
1921, 1, 4,.395,    9282,02, 1,  141,  502,   75,  267, 0.334, 100.8, 261.9,  -7.0, -19.3
1921, 1, 4,.395,   90001,00, 0,    0,    4,    0,    9, 0.973, 277.7, 357.4,   6.6,  76.2
1921, 1, 5,.332,    9280,02, 6,    4,   16,   15,   52, 0.986, 256.8, 349.9, -13.6,  81.0
1921, 1, 5,.332,    9282,02, 1,  124,  600,   63,  303, 0.133, 113.1, 261.8,  -6.7,  -7.1
1921, 1, 6,.338,    9282,02, 1,   71,  370,   36,  187, 0.125, 246.2, 262.2,  -6.7,   6.6
1921, 1, 7,.305,    9282,02, 1,   38,  207,   21,  112, 0.377, 263.5, 265.0,  -6.1,  22.1
1921, 1, 8,.304,    9282,02, 1,   34,  146,   21,   89, 0.570, 265.1, 264.5,  -6.1,  34.8
1921, 1, 8,.304,    9283,02, 4,    0,   20,    5,  112, 0.996,  98.1, 144.6,  -8.4, -85.1
1921, 1, 9,.329,    9282,02, 0,   12,   31,   10,   25, 0.776, 266.6, 267.3,  -5.3,  51.1
1921, 1, 9,.329,    9283,02, 4,   47,  391,   94,  781, 0.967,  98.9, 140.4,  -9.7, -75.8
1921, 1, 9,.329,   90002,00, 0,    1,   11,    1,    6, 0.137, 123.8, 209.6,  -8.5,  -6.6
1921, 1,10,.347,    9282,02, 0,    0,    4,    0,    5, 0.904, 265.6, 267.8,  -5.8,  65.0
1921, 1,10,.347,    9283,02, 4,  103,  658,  113,  719, 0.887,  98.9, 140.0,  -9.9, -62.8
1921, 1,10,.347,    9284,02, 3,    9,   37,    5,   19, 0.177, 199.0, 206.2, -13.9,   3.4
1921, 1,10,.347,   90003,00, 0,    1,   17,    1,    9, 0.283, 252.1, 218.6,  -9.1,  15.8
1921, 1,11,.442,    9283,02, 6,  157,  939,  118,  703, 0.742,  99.0, 140.4,  -9.6, -48.0
1921, 1,11,.442,    9284,02, 6,  155,  614,   83,  329, 0.354, 242.7, 207.3, -13.5,  18.9
1921, 1,11,.442,    9285,02, 4,    1,    6,    1,    4, 0.587,  71.5, 154.3,   7.1, -34.1
1921, 1,11,.442,   90004,00, 0,    0,    4,    0,    5, 0.878, 260.2, 250.1, -10.7,  61.7
1921, 1,11,.442,   90005,00, 0,    6,   16,    4,   10, 0.569,  64.4, 156.9,  10.5, -31.5
1921, 1,12,.341,    9283,02, 6,  186,  910,  116,  565, 0.589, 100.3, 140.6,  -9.7, -36.0
1921, 1,12,.341,    9284,02, 6,  221, 1051,  133,  632, 0.553, 251.6, 209.3, -13.8,  32.7
1921, 1,12,.341,    9285,02, 4,   27,  112,   15,   62, 0.425,  64.0, 154.0,   6.6, -22.6
1921, 1,12,.341,    9286,01, 5,    0,   20,    0,   37, 0.958,  85.3, 103.7,   3.2, -72.9
1921, 1,13,.342,    9283,02, 5,  159,  971,   87,  528, 0.390, 103.9, 140.8,  -9.6, -22.6
1921, 1,13,.342,    9284,02, 6,  164,  935,  118,  671, 0.714, 254.1, 208.6, -14.5,  45.2
1921, 1,13,.342,    9285,02, 4,   40,  195,   21,  101, 0.258,  41.0, 153.6,   6.7,  -9.8
1921, 1,13,.342,    9286,01, 5,    5,   25,    6,   26, 0.871,  83.8, 103.3,   3.1, -60.1
1921, 1,14,.442,    9283,02, 5,  256, 1090,  130,  553, 0.167, 121.3, 140.6,  -9.6,  -8.3
1921, 1,14,.442,    9284,02, 6,  158,  846,  164,  874, 0.873, 255.4, 209.9, -15.0,  61.0
1921, 1,14,.442,    9285,02, 4,   36,   91,   19,   47, 0.230, 327.8, 156.0,   6.6,   7.1
1921, 1,14,.442,    9286,01, 5,   29,  103,   21,   74, 0.712,  81.0, 104.1,   3.1, -44.8
1921, 1,15,.509,    9283,02, 5,  170,  732,   86,  370, 0.139, 230.8, 141.2,  -9.8,   6.3
1921, 1,15,.509,    9284,02, 6,   61,  376,  114,  698, 0.961, 256.0, 209.6, -14.8,  74.7
1921, 1,15,.509,    9285,02, 4,   16,   49,    9,   27, 0.402, 298.8, 155.7,   6.7,  20.8
1921, 1,15,.509,    9286,01, 5,   43,  150,   26,   89, 0.533,  76.2, 103.7,   3.2, -31.2
1921, 1,16,.474,    9283,02, 5,  112,  573,   60,  305, 0.337, 254.1, 141.3,  -9.9,  19.2
1921, 1,16,.474,    9284,02, 6,    0,   29,    3,  111, 0.991, 254.0, 205.3, -16.5,  83.2
1921, 1,16,.474,    9285,02, 4,    8,   21,    5,   13, 0.570, 289.9, 154.8,   7.1,  32.7
1921, 1,16,.474,    9286,01, 5,   92,  221,   49,  118, 0.340,  65.1, 104.1,   3.6, -18.0
1921, 1,16,.474,    9287,02, 9,    8,   15,    5,    9, 0.464,  99.3,  94.5,  -8.6, -27.6
1921, 1,17,.341,    9283,02, 5,   81,  387,   48,  229, 0.530, 257.5, 142.5, -10.8,  31.8
1921, 1,17,.341,    9286,01, 7,   74,  543,   38,  278, 0.208,  44.6, 102.3,   3.6,  -8.4
1921, 1,17,.341,    9287,02, 9,    3,   17,    2,    9, 0.259, 105.6,  96.1,  -8.8, -14.6
1921, 1,18,.466,    9283,02, 5,   38,  244,   28,  178, 0.725, 259.3, 142.5, -11.2,  46.6
1921, 1,18,.466,    9286,01, 7,  104,  570,   53,  290, 0.182, 323.7, 102.1,   3.4,   6.2
1921, 1,18,.466,    9287,02, 9,    0,    5,    0,    3, 0.076, 161.5,  94.5,  -9.2,  -1.4
1921, 1,19,.506,    9283,02, 0,   20,  127,   22,  134, 0.877, 259.6, 143.9, -11.6,  61.7
1921, 1,19,.506,    9286,01, 7,  109,  542,   59,  291, 0.362, 292.4, 101.8,   3.1,  19.6
1921, 1,19,.506,    9287,02, 9,    1,    7,    1,    4, 0.283, 262.0,  98.6,  -7.2,  16.4
1921, 1,19,.506,    9288,01, 0,    1,   34,    6,  106, 0.986,  99.0,   1.0,  -9.7, -81.2
1921, 1,20,.310,    9283,02, 0,   18,   98,   30,  158, 0.948, 259.5, 143.8, -11.6,  72.1
1921, 1,20,.310,    9286,01, 7,   86,  410,   51,  241, 0.522, 284.7, 102.1,   3.1,  30.4
1921, 1,20,.310,    9287,02, 9,   23,   55,   13,   31, 0.459, 264.7,  99.1,  -7.1,  27.4
1921, 1,20,.310,    9288,01, 0,    6,   37,   10,   55, 0.938,  98.4,   1.5,  -9.7, -70.2
1921, 1,20,.310,    9289,02, 1,    5,   33,   12,   70, 0.970, 101.0, 355.0, -11.9, -76.7
1921, 1,20,.310,    9290,05, 1,    3,   32,   12,  100, 0.986, 102.5, 350.4, -13.2, -81.3
1921, 1,21,.499,    9286,01, 7,   46,  294,   34,  216, 0.729, 279.3, 102.1,   3.1,  46.1
1921, 1,21,.499,    9287,02, 9,   14,  105,   10,   74, 0.698, 265.3, 100.5,  -7.1,  44.5
1921, 1,21,.499,    9288,01, 0,   17,   83,   15,   72, 0.812,  98.3,   1.4,  -9.8, -54.6
1921, 1,21,.499,    9289,02, 0,   15,   35,   16,   36, 0.870, 100.6, 355.1, -11.8, -60.9
1921, 1,21,.499,    9290,05, 1,    8,   47,   11,   58, 0.912, 101.5, 349.6, -12.7, -66.4
1921, 1,22,.324,    9286,01, 7,   38,  206,   36,  194, 0.845, 277.4, 102.2,   3.3,  57.1
1921, 1,22,.324,    9287,02, 9,   11,   68,   10,   58, 0.808, 265.0,  99.3,  -7.2,  54.2
1921, 1,22,.324,    9288,01, 0,   14,   74,   10,   52, 0.692,  98.7,   1.1,  -9.9, -44.0
1921, 1,22,.324,    9289,02, 0,    6,   16,    5,   13, 0.759, 100.7, 355.5, -11.6, -49.6
1921, 1,22,.324,    9290,05, 1,    9,   29,    8,   26, 0.820, 102.0, 349.7, -12.9, -55.4
1921, 1,23,.329,    9286,01, 7,   18,   93,   29,  145, 0.946, 275.2, 102.5,   3.1,  70.6
1921, 1,23,.329,    9287,02, 9,    7,   43,   10,   60, 0.932, 263.9, 101.1,  -7.7,  69.2
1921, 1,23,.329,    9288,01, 0,   15,   44,    9,   26, 0.517, 100.6,   0.8, -10.2, -31.1
1921, 1,23,.329,    9289,02, 0,   11,   22,    7,   14, 0.595, 102.6, 355.5, -11.9, -36.4
1921, 1,23,.329,    9290,05, 0,    7,   16,    5,   11, 0.672, 102.9, 349.7, -12.7, -42.2
1921, 1,23,.329,   90006,00, 0,    3,   19,    2,   10, 0.302,  28.8,  23.4,   9.9,  -8.5
1921, 1,24,.318,    9286,01, 7,    3,   32,   16,  138, 0.992, 273.3, 101.5,   2.6,  82.6
1921, 1,24,.318,    9287,02, 9,    0,    4,    0,   11, 0.975, 262.8,  96.7,  -8.2,  77.8
1921, 1,24,.318,    9288,01, 2,   15,   62,    8,   33, 0.326, 108.1,   0.5, -11.1, -18.4
1921, 1,24,.318,    9289,02, 0,   12,   18,    7,   10, 0.406, 106.6, 355.5, -11.8, -23.4
1921, 1,24,.318,    9290,05, 0,    6,   12,    4,    7, 0.492, 106.0, 349.9, -12.7, -29.0
1921, 1,24,.318,    9291,01, 0,    2,    6,    4,   11, 0.960,  75.3, 307.0,  12.4, -71.9
1921, 1,24,.318,   90007,00, 0,    1,   28,    1,   16, 0.434, 301.7,  40.7,   8.0,  21.9
1921, 1,25,.348,    9288,01, 2,    5,   31,    3,   16, 0.118, 135.8,   0.5, -10.5,  -4.8
1921, 1,25,.348,    9289,02, 0,   13,   19,    7,   10, 0.193, 124.8, 356.0, -11.9,  -9.3
1921, 1,25,.348,    9290,05, 0,    3,    7,    2,    4, 0.291, 117.5, 349.9, -13.2, -15.4
1921, 1,25,.348,    9291,01, 0,    7,   21,    8,   22, 0.866,  72.5, 307.7,  12.1, -57.6
1921, 1,26,.170,    9289,02, 0,   31,   57,   16,   29, 0.107, 189.2, 355.5, -11.8,   1.0
1921, 1,26,.170,    9290,05, 0,    5,    9,    3,    5, 0.154, 148.8, 349.8, -13.3,  -4.7
1921, 1,26,.170,    9291,01, 0,    2,    3,    2,    3, 0.767,  68.7, 307.5,  12.3, -47.0
1921, 1,26,.170,   90101,00, 0,    3,   15,    2,    8, 0.170, 245.0,   3.5,  -9.8,   9.0
1921, 1,27,.391,    9289,02, 0,   13,   75,    7,   40, 0.317, 249.6, 356.1, -11.9,  17.7
1921, 1,27,.391,    9291,01, 1,    7,   43,    5,   27, 0.600,  56.8, 307.2,  14.2, -31.2
1921, 1,28,.331,    9289,02, 0,   20,   49,   12,   29, 0.513, 256.6, 356.7, -11.9,  30.7
1921, 1,28,.331,    9291,01, 1,    1,   12,    1,    7, 0.445,  43.3, 307.7,  13.3, -18.3
1921, 1,28,.331,    9292,05, 9,    3,   18,    2,   10, 0.405, 259.3, 349.8,  -9.7,  23.8
1921, 1,28,.331,    9293,01, 3,    0,   12,    0,   14, 0.892,  97.8, 262.3,  -9.6, -63.7
1921, 1,28,.331,   90102,00, 0,    0,   12,    0,    7, 0.399, 240.6, 347.3, -16.8,  21.3
1921, 1,29,.316,    9289,02, 0,   15,   33,   11,   23, 0.690, 259.0, 356.9, -11.9,  43.8
1921, 1,29,.316,    9292,05, 9,    0,    3,    0,    2, 0.566, 259.2, 347.6, -11.0,  34.5
1921, 1,29,.316,    9293,01, 0,    0,    3,    0,    3, 0.790,  98.3, 260.5, -10.2, -52.6
1921, 1,30,.340,    9289,02, 0,    3,   11,    3,   11, 0.839, 259.6, 357.1, -12.0,  57.5
1921, 1,30,.340,    9294,01, 1,   13,   43,   53,  172, 0.992, 104.1, 215.6, -14.7, -84.0
1921, 1,31,.321,    9289,02, 0,    0,    7,    1,   11, 0.934, 259.9, 356.6, -11.6,  69.9
1921, 1,31,.321,    9294,01, 1,   15,  140,   25,  223, 0.948, 103.3, 214.4, -14.5, -72.3
1921, 1,31,.321,    9295,02, 4,    4,   31,    6,   42, 0.925, 106.7, 218.2, -17.7, -68.5
1921, 2, 1,.470,    9292,05, 9,    0,    3,    0,    8, 0.970, 261.4, 348.2,  -9.8,  76.7
1921, 2, 1,.470,    9294,01, 1,   41,  233,   38,  216, 0.840, 103.9, 213.9, -15.0, -57.6
1921, 2, 1,.470,    9295,02, 4,   21,   55,   18,   46, 0.795, 106.8, 218.7, -17.1, -52.8
1921, 2, 1,.470,    9296,01, 0,    3,   17,    5,   23, 0.922,  79.1, 205.5,   7.6, -66.0
1921, 2, 2,.529,    9291,01, 0,    0,    2,    0,    2, 0.794, 289.4, 307.4,  11.3,  49.8
1921, 2, 2,.529,    9294,01, 1,   38,  264,   27,  185, 0.696, 105.0, 213.5, -14.9, -44.1
1921, 2, 2,.529,    9295,02, 4,   46,  171,   30,  110, 0.621, 109.1, 219.8, -16.7, -37.8
1921, 2, 2,.529,    9296,01, 0,    5,   25,    5,   22, 0.811,  76.2, 205.0,   7.4, -52.6
1921, 2, 2,.529,   90103,00, 0,    0,    4,    0,    4, 0.826,  71.9, 204.4,  11.2, -53.2
1921, 2, 3,.494,    9294,01, 1,   55,  279,   33,  166, 0.536, 108.2, 213.1, -15.0, -31.8
1921, 2, 3,.494,    9295,02, 4,   60,  217,   34,  122, 0.453, 115.6, 219.6, -17.0, -25.3
1921, 2, 3,.494,    9296,01, 1,   10,   16,    7,   11, 0.659,  71.2, 205.9,   7.4, -39.0
1921, 2, 4,.475,    9294,01, 1,   63,  321,   34,  172, 0.353, 117.1, 213.0, -15.3, -19.0
1921, 2, 4,.475,    9295,02, 4,   32,  194,   17,  101, 0.274, 134.0, 220.1, -17.2, -11.9
1921, 2, 4,.475,    9296,01, 0,    1,    8,    1,    5, 0.487,  62.4, 206.2,   7.3, -25.8
1921, 2, 4,.475,   90104,00, 0,    0,   17,    0,    9, 0.157,  98.4, 223.0,  -7.6,  -9.0
1921, 2, 5,.459,    9294,01, 1,   68,  341,   35,  174, 0.186, 146.5, 212.9, -15.3,  -6.1
1921, 2, 5,.459,    9295,02, 4,   27,  113,   14,   58, 0.191, 185.5, 220.1, -17.4,   1.1
1921, 2, 5,.459,    9297,02, 5,    4,   20,    8,   35, 0.954,  99.9, 145.6, -11.3, -73.4
1921, 2, 5,.459,   90105,00, 0,    7,   13,    4,    7, 0.353, 109.8, 199.1, -12.9, -19.9
1921, 2, 6,.356,    9294,01, 1,   62,  359,   32,  183, 0.185, 213.0, 213.2, -15.4,   6.0
1921, 2, 6,.356,    9295,02, 4,   21,   94,   11,   49, 0.271, 224.6, 218.7, -17.5,  11.5
1921, 2, 6,.356,    9297,02, 5,    6,   37,    7,   41, 0.886,  99.0, 144.2, -11.0, -63.0
1921, 2, 7,.401,    9294,01, 0,   50,  268,   27,  144, 0.364, 243.6, 213.3, -15.5,  19.8
1921, 2, 7,.401,    9295,02, 4,    1,   18,    1,   10, 0.424, 242.3, 216.7, -17.4,  23.2
1921, 2, 7,.401,    9297,02, 5,    2,   10,    2,    8, 0.731,  99.8, 146.2, -11.6, -47.3
1921, 2, 7,.401,    9298,05, 0,   26,  111,   22,   91, 0.788,  96.5, 141.0,  -9.1, -52.5
1921, 2, 8,.443,    9294,01, 0,   51,  255,   31,  155, 0.561, 251.8, 213.3, -15.6,  33.6
1921, 2, 8,.443,    9297,02, 5,    3,   13,    2,    8, 0.550, 101.5, 146.3, -11.8, -33.4
1921, 2, 8,.443,    9298,05, 0,   37,  181,   23,  112, 0.587,  95.9, 143.5,  -8.8, -36.2
1921, 2, 8,.443,    9299,01, 4,   23,   72,   15,   47, 0.633, 110.0, 141.1, -17.7, -38.6
1921, 2, 9,.321,    9294,01, 0,   23,  161,   17,  115, 0.707, 255.0, 213.3, -15.3,  45.1
1921, 2, 9,.321,    9297,02, 5,   29,  194,   16,  107, 0.410,  96.9, 143.9,  -8.9, -24.3
1921, 2, 9,.321,    9299,01, 4,   14,   54,    8,   31, 0.471, 115.5, 141.7, -17.7, -26.5
1921, 2,10,.473,    9294,01, 0,   26,  160,   26,  160, 0.864, 255.8, 213.4, -15.6,  60.4
1921, 2,10,.473,    9297,02, 5,   23,  207,   12,  105, 0.150, 108.1, 144.7,  -9.3,  -8.3
1921, 2,10,.473,    9299,01, 4,    7,   45,    4,   24, 0.285, 134.2, 140.6, -18.0, -12.4
1921, 2,10,.473,    9300,02, 2,    3,   16,    2,    9, 0.406, 110.9, 129.9, -14.5, -23.1
1921, 2,11,.313,    9294,01, 0,   17,  100,   27,  151, 0.942, 255.9, 213.3, -15.5,  71.4
1921, 2,11,.313,    9297,02, 5,   31,  207,   16,  104, 0.073, 225.0, 144.9,  -9.7,   3.0
1921, 2,11,.313,    9299,01, 4,    0,   23,    0,   12, 0.199, 178.1, 141.5, -18.2,  -0.4
1921, 2,11,.313,    9301,05, 0,    3,   14,    5,   23, 0.951, 284.8, 211.8,  11.8,  69.9
1921, 2,12,.325,    9294,01, 0,    9,   50,   41,  212, 0.992, 255.3, 213.0, -15.4,  84.4
1921, 2,12,.325,    9297,02, 5,   36,  192,   19,  100, 0.277, 259.2, 144.6,  -9.5,  16.0
1921, 2,12,.325,    9300,02, 2,    9,   31,    5,   16, 0.124, 189.5, 129.8, -13.8,   1.2
1921, 2,12,.325,    9301,05, 0,    3,   14,   13,   49, 0.988, 282.8, 208.2,  11.5,  79.6
1921, 2,12,.325,    9302,01, 5,    7,   17,    9,   22, 0.914,  99.1,  61.7, -11.0, -66.9
1921, 2,12,.325,    9303,02, 0,    0,    6,    0,   27, 0.992,  97.5,  45.2,  -8.3, -83.4
1921, 2,13,.344,    9297,02, 5,   20,   52,   12,   30, 0.487, 262.3, 144.5,  -9.7,  29.3
1921, 2,13,.344,    9300,02, 2,    5,   15,    3,    8, 0.281, 242.0, 130.0, -14.2,  14.8
1921, 2,13,.344,    9302,01, 5,   23,   80,   19,   66, 0.792,  98.6,  62.3, -11.0, -52.9
1921, 2,13,.344,    9303,02, 0,    2,    5,    4,    8, 0.931,  96.5,  45.9,  -8.5, -69.3
1921, 2,14,.304,    9297,02, 0,   16,   36,   11,   25, 0.683, 262.8, 146.1,  -9.9,  43.5
1921, 2,14,.304,    9302,01, 5,   31,   85,   20,   55, 0.625,  98.7,  63.6, -10.8, -39.0
1921, 2,14,.304,    9303,02, 0,    4,   11,    4,   10, 0.824,  95.6,  46.6,  -8.5, -56.0
1921, 2,15,.326,    9297,02, 0,    4,   15,    4,   14, 0.831, 262.5, 145.9, -10.1,  56.8
1921, 2,15,.326,    9302,01, 0,   11,   42,    6,   23, 0.396, 100.8,  65.8, -10.6, -23.3
1921, 2,15,.326,    9303,02, 0,    5,   10,    4,    7, 0.664,  95.0,  47.1,  -8.5, -42.0
1921, 2,16,.500,    9302,01, 0,    7,   13,    4,    7, 0.147, 117.6,  66.0, -10.8,  -7.6
1921, 2,16,.500,    9303,02, 1,    7,   17,    4,   10, 0.458,  94.8,  46.1,  -8.4, -27.5
1921, 2,16,.500,   90106,00, 0,    0,    3,    0,    2, 0.155,  61.1,  65.8,  -2.6,  -7.8
1921, 2,17,.323,    9302,01, 0,    3,    9,    2,    5, 0.082, 221.8,  66.0, -10.5,   3.2
1921, 2,17,.323,    9303,02, 1,   11,   28,    6,   15, 0.307,  91.8,  44.8,  -7.2, -18.0
1921, 2,17,.323,   90107,00, 0,    3,    7,    2,    4, 0.358, 104.5,  42.1, -11.7, -20.7
1921, 2,17,.323,   90108,00, 0,    2,    8,    2,    7, 0.779, 103.3,  11.2, -14.7, -51.6
1921, 2,18,.172,    9302,01, 0,    5,   17,    3,    9, 0.260, 256.4,  66.5, -10.3,  14.9
1921, 2,18,.172,    9303,02, 4,   87,  321,   44,  162, 0.128,  90.3,  44.2,  -7.0,  -7.4
1921, 2,19,.638,    9303,02, 4,  150,  980,   78,  507, 0.252, 271.3,  47.0,  -6.5,  14.7
1921, 2,20,.465,    9303,02, 4,  283, 1548,  158,  864, 0.442, 268.8,  47.8,  -6.9,  26.4
1921, 2,21,.468,    9303,02, 4,  207, 1162,  135,  755, 0.636, 268.2,  48.0,  -6.6,  39.8
1921, 2,21,.468,   90109,00, 0,    1,   10,    1,    6, 0.421, 106.4, 343.7, -13.3, -24.5
1921, 2,22,.442,    9303,02, 4,  149,  859,  126,  723, 0.801, 266.8,  49.1,  -6.8,  53.7
1921, 2,22,.442,    9304,02, 4,   40,  101,   21,   53, 0.279, 257.9,  11.5, -10.2,  16.1
1921, 2,23,.321,    9303,02, 5,   80,  477,  102,  602, 0.917, 265.8,  50.8,  -6.7,  67.0
1921, 2,23,.321,    9304,02, 4,   19,  132,   11,   76, 0.487, 261.9,  13.1, -10.2,  29.3
1921, 2,24,.446,    9303,02, 5,   34,  176,  129,  658, 0.990, 263.7,  51.6,  -7.2,  82.6
1921, 2,24,.446,    9304,02, 4,   38,  144,   27,  100, 0.690, 263.5,  13.1,  -9.7,  44.1
1921, 2,24,.446,   90201,00, 0,    3,    5,    2,    3, 0.294, 279.1, 345.9,  -4.2,  16.9
1921, 2,25,.205,    9304,02, 4,   32,  132,   28,  113, 0.809, 263.0,  13.6,  -9.9,  54.6
1921, 2,26,.458,    9304,02, 4,   11,   39,   16,   56, 0.936, 261.9,  12.7, -10.1,  70.2
1921, 2,27,.349,    9305,01, 1,    9,   63,   20,  129, 0.968,  75.7, 217.3,  11.9, -73.4
1921, 2,27,.349,    9306,01, 0,    6,   21,   13,   46, 0.971, 103.7, 213.1, -15.0, -77.6
1921, 2,28,.393,    9305,01, 1,   18,   98,   20,  106, 0.884,  72.8, 217.5,  11.6, -59.5
1921, 2,28,.393,    9306,01, 1,    6,   43,    7,   48, 0.891, 103.5, 213.1, -15.3, -63.9
1921, 3, 1,.452,    9305,01, 1,   21,   94,   16,   71, 0.745,  67.7, 218.3,  11.3, -44.7
1921, 3, 1,.452,    9306,01, 0,    2,   10,    2,    8, 0.752, 104.3, 213.9, -15.5, -49.1
1921, 3, 2,.412,    9305,01, 1,   17,   92,   11,   58, 0.606,  59.9, 218.0,  11.6, -32.4
1921, 3, 3,.327,    9305,01, 1,    5,   26,    3,   15, 0.479,  48.2, 216.9,  11.9, -21.4
1921, 3, 3,.327,    9307,01, 0,    1,   13,    1,    7, 0.154, 128.5, 231.2, -12.7,  -7.1
1921, 3, 3,.327,   90202,00, 0,    1,    7,    1,    4, 0.376,  45.1, 222.7,   8.4, -15.6
1921, 3, 4,.330,    9305,01, 1,    3,   14,    2,    8, 0.395,  21.0, 216.7,  14.5,  -8.4
1921, 3, 5,.325,    9307,01, 0,    1,   13,    1,    7, 0.309, 256.3, 229.8, -11.1,  17.8
1921, 3, 7,.474,   90203,00, 0,    1,    8,    1,    5, 0.436, 117.6, 159.7, -18.3, -24.0
1921, 3, 7,.474,   90204,00, 0,    0,    1,    0,    1, 0.549, 115.0, 151.8, -19.6, -31.9
1921, 3, 7,.474,   90205,00, 0,    2,    5,    2,    4, 0.724, 107.0, 137.2, -17.3, -46.5
1921, 3, 8,.612,    9308,01, 2,    6,   24,   10,   40, 0.952,  82.0,  97.5,   5.3, -71.2
1921, 3, 9,.412,    9308,01, 5,   42,  144,   45,  153, 0.879,  80.3,  97.8,   5.0, -60.4
1921, 3,10,.463,    9308,01, 5,   78,  385,   57,  280, 0.724,  76.4,  99.4,   4.7, -44.9
1921, 3,10,.463,    9309,05, 9,    1,    3,    1,    2, 0.517,  86.8, 113.1,  -4.5, -31.2
1921, 3,10,.463,    9310,01, 0,    0,    5,    0,   26, 0.993,  96.9,  60.0,  -7.6, -84.3
1921, 3,11,.313,    9308,01, 5,   69,  347,   42,  211, 0.567,  71.9, 100.4,   4.1, -32.7
1921, 3,11,.313,    9309,05, 9,   16,   63,    9,   34, 0.364,  84.7, 111.8,  -4.8, -21.3
1921, 3,11,.313,    9310,01, 0,    8,   37,   15,   65, 0.957,  95.9,  59.3,  -7.7, -73.8
1921, 3,12,.309,    9308,01, 5,   94,  399,   51,  215, 0.369,  57.5, 101.8,   4.6, -18.2
1921, 3,12,.309,    9309,05, 9,    5,   33,    3,   17, 0.129,  72.5, 112.9,  -4.9,  -7.1
1921, 3,12,.309,    9310,01, 0,   11,   70,   11,   70, 0.862,  95.3,  59.9,  -8.2, -60.1
1921, 3,12,.309,    9311,01, 0,    4,   85,   19,  340, 0.991, 101.1,  36.3, -11.9, -83.7
1921, 3,12,.309,   90206,00, 0,    0,    4,    0,    7, 0.952,  95.0,  47.2,  -6.9, -72.8
1921, 3,13,.616,    9308,01, 4,   86,  389,   44,  199, 0.208, 355.7, 103.7,   4.8,   0.9
1921, 3,13,.616,    9310,01, 1,   13,   55,    9,   38, 0.678,  94.1,  59.7,  -8.0, -43.1
1921, 3,13,.616,    9311,01, 0,   25,  159,   31,  193, 0.909,  99.7,  36.5, -11.8, -66.3
1921, 3,13,.616,    9312,05, 9,    3,   12,    2,    8, 0.602,  91.0,  65.5,  -6.3, -37.3
1921, 3,14,.513,    9308,01, 4,   45,  245,   24,  129, 0.304, 311.6, 104.1,   4.7,  13.2
1921, 3,14,.513,    9310,01, 1,   13,   30,    8,   18, 0.510,  93.3,  60.0,  -7.8, -30.9
1921, 3,14,.513,    9311,01, 0,   25,  181,   22,  154, 0.806,  99.2,  36.6, -11.6, -54.3
1921, 3,14,.513,    9312,05, 9,    3,   21,    2,   12, 0.418,  91.0,  66.0,  -6.9, -24.9
1921, 3,15,.413,    9308,01, 4,   31,  229,   18,  130, 0.465, 295.2, 104.1,   5.0,  25.0
1921, 3,15,.413,    9310,01, 1,   11,   67,    6,   36, 0.328,  93.0,  59.8,  -7.7, -19.3
1921, 3,15,.413,    9311,01, 1,   35,  216,   24,  146, 0.668,  99.1,  36.8, -11.4, -42.3
1921, 3,15,.413,    9312,05, 9,    0,    3,    0,    2, 0.215,  91.1,  66.6,  -7.2, -12.5
1921, 3,16,.315,    9308,01, 4,   22,  121,   14,   77, 0.610, 287.8, 102.9,   5.0,  35.7
1921, 3,16,.315,    9310,01, 1,    9,   53,    5,   27, 0.116,  93.9,  60.5,  -7.5,  -6.7
1921, 3,16,.315,    9311,01, 1,   41,  221,   24,  128, 0.500, 100.9,  37.1, -11.6, -30.1
1921, 3,16,.315,    9312,05, 9,    1,   15,    1,    8, 0.012,  56.4,  66.6,  -6.7,  -0.6
1921, 3,16,.315,   90207,00, 0,    0,    5,    0,    4, 0.747, 102.7,  18.5, -14.2, -48.7
1921, 3,17,.412,    9308,01, 4,    3,   26,    3,   22, 0.799, 281.2, 104.5,   4.6,  51.8
1921, 3,17,.412,    9310,01, 1,   17,   43,    9,   22, 0.109, 273.0,  59.0,  -6.7,   6.3
1921, 3,17,.412,    9311,01, 1,   40,  213,   21,  111, 0.276, 107.2,  37.1, -11.5, -15.6
1921, 3,17,.412,    9312,05, 9,    1,    7,    1,    4, 0.225, 271.7,  65.8,  -6.5,  13.1
1921, 3,17,.412,    9313,02, 4,    5,   10,    4,    7, 0.693, 304.8,  89.4,  17.7,  36.7
1921, 3,18,.380,    9310,01, 1,    1,    9,    1,    5, 0.354, 266.8,  60.9,  -7.7,  20.9
1921, 3,18,.380,    9311,01, 1,   33,  137,   17,   69, 0.095, 153.3,  37.5, -11.9,  -2.5
1921, 3,18,.380,    9312,05, 9,    0,    3,    0,    2, 0.443, 267.1,  66.5,  -7.6,  26.5
1921, 3,18,.380,    9313,02, 4,   34,  124,   30,  107, 0.811, 298.2,  88.7,  18.0,  48.7
1921, 3,19,.476,    9311,01, 1,   27,  118,   14,   61, 0.223, 249.2,  37.8, -11.4,  12.3
1921, 3,19,.476,    9313,02, 4,   14,  120,   20,  168, 0.932, 293.4,  90.2,  18.9,  64.7
1921, 3,20,.334,    9311,01, 1,    9,   74,    5,   41, 0.405, 257.8,  38.0, -11.3,  23.8
1921, 3,20,.334,    9313,02, 4,    5,   36,   15,   99, 0.982, 290.7,  90.2,  18.8,  76.0
1921, 3,20,.334,   90208,00, 0,    1,    9,    1,    9, 0.842, 265.2,  72.1,  -7.8,  57.9
1921, 3,21,.486,    9311,01, 1,    0,   16,    0,   10, 0.590, 257.4,  35.2, -13.0,  36.2
1921, 3,21,.486,    9314,02, 1,   26,  103,   27,  107, 0.871, 290.5,  56.3,  14.1,  57.3
1921, 3,21,.486,    9315,02, 6,   22,  167,   61,  455, 0.982,  78.8, 281.3,   9.6, -77.7
1921, 3,22,.621,    9314,02, 1,   23,  122,   45,  234, 0.964, 287.1,  56.1,  14.4,  72.0
1921, 3,22,.621,    9315,02, 6,   92,  488,  122,  643, 0.924,  77.3, 278.3,   8.9, -65.8
1921, 3,23,.421,    9314,02, 1,    7,   44,   43,  250, 0.996, 285.3,  56.2,  14.5,  82.7
1921, 3,23,.421,    9315,02, 6,  148,  779,  141,  740, 0.848,  75.1, 277.5,   8.8, -56.0
1921, 3,23,.421,   90301,00, 0,    2,    3,    2,    3, 0.798, 289.0,  23.7,  10.7,  50.2
1921, 3,24,.406,    9315,02, 6,  181,  901,  125,  621, 0.686,  69.3, 280.0,   8.9, -40.5
1921, 3,24,.406,    9316,01, 4,    0,   11,    0,   33, 0.983,  96.9, 240.3,  -8.0, -80.2
1921, 3,25,.338,    9315,02, 6,  179,  969,  104,  563, 0.507,  58.9, 282.1,   9.1, -26.1
1921, 3,25,.338,    9316,01, 4,   17,   95,   25,  135, 0.933,  96.5, 238.6,  -8.5, -69.6
1921, 3,26,.318,    9315,02, 6,  208,  983,  112,  528, 0.361,  39.6, 281.8,   9.6, -13.5
1921, 3,26,.318,    9316,01, 4,   46,  254,   41,  225, 0.822,  95.7, 239.5,  -8.5, -55.8
1921, 3,27,.469,    9315,02, 6,  232, 1050,  121,  547, 0.279, 353.3, 282.0,   9.4,   1.9
1921, 3,27,.469,    9316,01, 4,   89,  533,   58,  345, 0.632,  95.6, 240.6,  -8.7, -39.5
1921, 3,27,.469,    9317,05, 4,    7,   31,    9,   37, 0.902,  79.5, 216.9,   6.5, -63.2
1921, 3,28,.356,    9315,02, 6,  194,  949,  104,  508, 0.353, 322.1, 281.1,   9.7,  12.7
1921, 3,28,.356,    9316,01, 4,   92,  528,   52,  297, 0.456,  95.7, 241.1,  -8.5, -27.3
1921, 3,28,.356,    9317,05, 4,    9,   38,    8,   32, 0.791,  76.3, 217.7,   6.6, -50.7
1921, 3,29,.400,    9315,02, 6,  185,  876,  108,  511, 0.512, 301.4, 281.0,   9.6,  26.3
1921, 3,29,.400,    9316,01, 4,   76,  455,   39,  232, 0.195,  99.0, 243.5,  -8.2, -11.2
1921, 3,29,.400,    9317,05, 4,    1,    9,    1,    6, 0.629,  71.5, 217.8,   6.3, -36.9
1921, 3,29,.400,    9318,05, 0,    4,   11,    6,   16, 0.936,  73.0, 187.7,  13.4, -67.0
1921, 3,29,.400,   90302,00, 0,    0,    3,    0,    2, 0.597, 296.4, 287.5,   9.9,  32.9
1921, 3,30,.397,    9315,02, 6,  138,  635,   95,  437, 0.684, 291.7, 281.6,   9.7,  40.1
1921, 3,30,.397,    9316,01, 4,   87,  471,   44,  236, 0.047, 237.1, 243.8,  -8.0,   2.3
1921, 3,30,.397,    9317,05, 4,    1,    8,    1,    5, 0.454,  61.6, 217.8,   6.5, -23.7
1921, 3,30,.397,    9318,05, 0,    3,   10,    3,   10, 0.842,  69.2, 187.4,  13.6, -54.1
1921, 3,30,.397,    9319,05, 0,    8,   27,    7,   24, 0.816, 254.4, 296.5, -16.5,  55.0
1921, 3,31,.503,    9315,02, 6,  105,  493,   98,  457, 0.840, 286.1, 281.9,   9.8,  55.0
1921, 3,31,.503,    9316,01, 4,   72,  419,   38,  220, 0.299, 263.9, 244.4,  -8.0,  17.5
1921, 3,31,.503,    9318,05, 0,    0,    4,    0,    3, 0.698,  62.8, 187.2,  13.7, -39.7
1921, 3,31,.503,    9319,05, 0,    2,   11,    4,   15, 0.928, 255.0, 296.0, -16.3,  69.1
1921, 4, 1,.382,    9315,02, 6,   50,  300,   69,  409, 0.928, 283.3, 281.8,   9.8,  66.5
1921, 4, 1,.382,    9316,01, 4,   68,  347,   39,  199, 0.485, 264.7, 244.5,  -8.2,  29.2
1921, 4, 1,.382,    9319,05, 0,    1,    7,    5,   21, 0.982, 255.0, 295.8, -15.9,  80.5
1921, 4, 1,.382,    9320,01, 9,    2,   10,    2,    9, 0.822, 104.2, 159.6, -15.3, -55.7
1921, 4, 2,.462,    9315,02, 6,   11,  101,   46,  401, 0.992, 280.7, 282.4,   9.7,  81.3
1921, 4, 2,.462,    9316,01, 4,   55,  342,   38,  234, 0.679, 264.3, 244.2,  -8.5,  43.1
1921, 4, 2,.462,    9320,01, 9,    1,   12,    1,    8, 0.660, 106.0, 160.0, -15.3, -41.1
1921, 4, 3,.392,    9316,01, 4,   41,  261,   36,  230, 0.819, 263.8, 244.3,  -8.7,  55.5
1921, 4, 3,.392,    9320,01, 9,    3,   16,    2,   10, 0.528, 116.1, 158.7, -18.9, -30.1
1921, 4, 3,.392,    9321,05, 9,    3,   10,    2,    6, 0.546, 295.6, 218.6,   8.2,  29.8
1921, 4, 3,.392,    9322,01, 2,    1,    5,    1,    3, 0.088, 186.7, 189.4, -11.3,   0.6
1921, 4, 3,.392,   90303,00, 0,    3,   11,    2,    6, 0.336,   7.0, 186.4,  13.2,  -2.4
1921, 4, 4,.439,    9316,01, 4,   13,  181,   20,  264, 0.938, 263.2, 245.3,  -8.5,  70.3
1921, 4, 4,.439,    9321,05, 9,    2,   12,    2,    9, 0.731, 288.2, 219.6,   8.8,  44.6
1921, 4, 4,.439,    9322,01, 2,   15,  103,    8,   54, 0.271, 253.6, 190.3, -10.4,  15.3
1921, 4, 5,.430,    9321,05, 9,    1,    7,    2,    8, 0.867, 284.0, 220.3,   8.9,  58.4
1921, 4, 5,.430,    9322,01, 2,   20,  101,   12,   59, 0.514, 259.1, 192.8, -10.9,  30.9
1921, 4, 5,.430,    9323,02, 2,    5,   46,   13,  121, 0.980,  71.7,  85.8,  16.5, -76.1
1921, 4, 5,.430,   90304,00, 0,    1,    8,    1,    6, 0.686,  99.5, 118.3, -11.0, -43.6
1921, 4, 6,.334,    9322,01, 2,   36,  196,   25,  136, 0.690, 260.5, 193.9, -11.0,  43.9
1921, 4, 6,.334,    9323,02, 7,   39,  313,   50,  393, 0.916,  68.4,  87.1,  17.0, -62.9
1921, 4, 7,.381,    9322,01, 2,   14,   87,   14,   83, 0.849, 261.0, 194.8, -10.8,  58.6
1921, 4, 7,.381,    9323,02, 7,   57,  474,   48,  398, 0.800,  63.3,  87.8,  17.1, -48.4
1921, 4, 8,.368,    9322,01, 2,    8,   29,   13,   47, 0.948, 260.8, 195.2, -10.6,  72.1
1921, 4, 8,.368,    9323,02, 7,   70,  409,   48,  278, 0.674,  56.2,  87.2,  17.2, -35.9
1921, 4, 8,.368,   90305,00, 0,    1,   20,    1,   11, 0.395,  72.2, 101.0,   1.4, -22.1
1921, 4, 8,.368,   90306,00, 0,    0,    6,    0,    7, 0.870,  69.0,  65.9,  15.0, -57.2
1921, 4, 9,.400,    9323,02, 7,   74,  281,   44,  167, 0.534,  44.4,  86.5,  17.0, -23.0
1921, 4,10,.410,    9323,02, 7,   56,  182,   31,  101, 0.421,  22.7,  86.4,  17.1,  -9.8
1921, 4,10,.410,    9324,01, 1,   13,  137,   42,  427, 0.986,  78.8,  17.0,  10.0, -79.2
1921, 4,11,.314,    9323,02, 7,   38,  231,   21,  126, 0.392, 356.1,  85.8,  17.3,   1.6
1921, 4,11,.314,    9324,01, 1,   37,  218,   52,  303, 0.931,  77.0,  17.1,   9.9, -67.1
1921, 4,11,.314,   90307,00, 0,    0,    6,    1,    9, 0.926, 285.3, 150.1,  11.9,  65.9
1921, 4,12,.410,    9323,02, 7,   40,  187,   23,  108, 0.489, 320.4,  88.8,  16.8,  19.0
1921, 4,12,.410,    9324,01, 1,   55,  341,   48,  295, 0.813,  73.8,  17.4,   9.7, -52.4
1921, 4,12,.410,    9325,02, 0,    0,    7,    0,    4, 0.358,  23.3,  61.4,  13.6,  -8.4
1921, 4,12,.410,   90308,00, 0,    1,    6,    1,    4, 0.623, 102.0,  31.2, -11.9, -38.5
1921, 4,13,.337,    9323,02, 7,   43,  139,   28,   90, 0.632, 306.2,  89.8,  17.2,  32.3
1921, 4,13,.337,    9324,01, 1,   72,  441,   50,  304, 0.685,  69.4,  16.9,   9.7, -40.6
1921, 4,14,.348,    9323,02, 9,   15,   61,   13,   50, 0.785, 297.3,  91.2,  17.4,  47.0
1921, 4,14,.348,    9324,01, 1,   75,  574,   44,  336, 0.516,  60.5,  17.1,   9.8, -27.1
1921, 4,14,.348,   90309,00, 0,    0,    7,    0,    4, 0.400,  18.9,  36.4,  16.8,  -7.8
1921, 4,15,.337,    9323,02, 0,    6,   20,    8,   26, 0.918, 292.3,  94.3,  18.0,  63.2
1921, 4,15,.337,    9324,01, 1,   99,  612,   53,  327, 0.350,  43.3,  17.0,   9.5, -14.1
1921, 4,15,.337,    9325,02, 7,    3,   22,    2,   14, 0.598, 300.9,  62.9,  13.3,  31.8
1921, 4,16,.339,    9323,02, 0,    7,   26,   21,   72, 0.982, 290.1,  94.5,  18.6,  76.6
1921, 4,16,.339,    9324,01, 1,  100,  555,   52,  288, 0.259,   4.2,  16.8,   9.6,  -1.1
1921, 4,16,.339,    9325,02, 3,    8,   23,    6,   17, 0.730, 294.4,  61.1,  13.7,  43.2
1921, 4,16,.339,    9326,02, 4,   59,  238,   33,  133, 0.441, 304.2,  39.6,   9.4,  21.7
1921, 4,16,.339,    9327,05, 0,    0,    3,    0,    2, 0.478,  38.8, 359.7,  16.8, -18.2
1921, 4,16,.339,    9328,02, 5,   13,   60,   28,  129, 0.971, 105.3, 300.8, -16.1, -77.1
1921, 4,17,.374,    9324,01, 1,   71,  463,   38,  246, 0.335, 319.8,  16.9,   9.7,  12.7
1921, 4,17,.374,    9326,02, 4,   62,  343,   40,  219, 0.617, 291.5,  39.7,   8.8,  35.5
1921, 4,17,.374,    9327,05, 0,    1,    9,    1,    5, 0.361,  15.7, 358.4,  15.1,  -5.8
1921, 4,17,.374,    9328,02, 5,   27,   95,   30,  105, 0.888, 104.9, 301.2, -15.6, -63.0
1921, 4,17,.374,    9329,01, 0,   18,   95,   58,  297, 0.986,  79.0, 284.9,   9.9, -79.3
1921, 4,17,.374,   90310,00, 0,    0,    6,    2,   14, 0.975, 262.8,  82.0,  -8.2,  77.8
1921, 4,18,.347,    9324,01, 1,   72,  392,   42,  226, 0.493, 299.9,  17.1,   9.6,  25.7
1921, 4,18,.347,    9326,02, 4,   64,  377,   51,  299, 0.774, 286.2,  40.2,   9.1,  48.8
1921, 4,18,.347,    9328,02, 5,   46,  193,   36,  149, 0.758, 106.2, 302.3, -15.6, -49.1
1921, 4,18,.347,    9329,01, 0,   34,  178,   46,  238, 0.925,  77.4, 285.1,   9.6, -66.3
1921, 4,18,.347,   90401,00, 0,    4,   21,    6,   26, 0.911, 281.5,  55.7,   8.3,  64.4
1921, 4,19,.344,    9324,01, 1,   49,  249,   33,  167, 0.664, 290.3,  17.3,   9.4,  39.1
1921, 4,19,.344,    9326,02, 4,   32,  267,   37,  301, 0.894, 283.4,  40.1,   9.6,  61.9
1921, 4,19,.344,    9328,02, 5,   72,  400,   46,  253, 0.611, 109.4, 301.4, -15.8, -36.8
1921, 4,19,.344,    9329,01, 0,   57,  256,   50,  224, 0.818,  74.9, 285.1,   9.3, -53.1
1921, 4,19,.344,    9330,02, 4,    3,    7,    6,   15, 0.965,  96.7, 262.9,  -7.8, -75.3
1921, 4,20,.337,    9324,01, 1,   23,  157,   20,  135, 0.810, 285.3,  17.4,   9.3,  52.3
1921, 4,20,.337,    9326,02, 4,   17,  106,   38,  234, 0.973, 281.2,  40.7,   9.7,  75.6
1921, 4,20,.337,    9328,02, 5,   79,  349,   44,  193, 0.421, 117.7, 302.3, -15.9, -22.8
1921, 4,20,.337,    9329,01, 0,   72,  311,   49,  211, 0.671,  70.4, 285.3,   9.2, -39.8
1921, 4,20,.337,    9330,02, 4,   10,   32,   11,   34, 0.873,  95.4, 263.9,  -7.1, -61.2
1921, 4,21,.343,    9324,01, 0,   13,   89,   17,  116, 0.920, 282.4,  17.4,   9.4,  65.6
1921, 4,21,.343,    9328,02, 5,   58,  321,   30,  166, 0.253, 140.6, 302.2, -16.1,  -9.6
1921, 4,21,.343,    9329,01, 0,   83,  346,   48,  200, 0.498,  62.7, 285.2,   8.8, -26.6
1921, 4,21,.343,    9330,02, 4,   10,   70,    8,   53, 0.740,  95.3, 263.8,  -7.2, -48.0
1921, 4,22,.463,    9328,02, 5,   50,  318,   26,  163, 0.208, 202.3, 301.7, -15.9,   4.7
1921, 4,22,.463,    9329,01, 0,   77,  401,   41,  212, 0.315,  40.2, 285.1,   9.2, -11.9
1921, 4,22,.463,    9330,02, 4,   13,   69,    8,   42, 0.561,  96.1, 262.8,  -7.4, -34.2
1921, 4,23,.637,    9328,02, 5,   57,  278,   31,  150, 0.372, 237.8, 300.6, -15.9,  19.1
1921, 4,23,.637,    9329,01, 0,   77,  392,   40,  203, 0.249, 344.8, 285.3,   9.2,   3.8
1921, 4,23,.637,    9330,02, 4,    1,   26,    1,   14, 0.335,  96.7, 261.9,  -6.7, -19.6
1921, 4,24,.370,    9328,02, 5,   58,  245,   34,  143, 0.512, 246.4, 301.0, -15.9,  29.2
1921, 4,24,.370,    9329,01, 0,   88,  388,   47,  206, 0.332, 316.0, 285.3,   9.3,  13.5
1921, 4,25,.561,    9328,02, 5,   46,  189,   33,  134, 0.706, 252.5, 300.4, -15.5,  44.3
1921, 4,25,.561,    9329,01, 0,   62,  293,   37,  174, 0.534, 295.6, 285.3,   9.4,  29.2
1921, 4,25,.561,    9330,02, 7,   15,   65,    8,   33, 0.170, 257.4, 265.7,  -6.6,   9.6
1921, 4,26,.634,    9328,02, 5,   55,  173,   51,  160, 0.839, 255.2, 298.9, -14.8,  57.0
1921, 4,26,.634,    9329,01, 0,   46,  241,   33,  173, 0.713, 287.8, 285.4,   9.4,  43.5
1921, 4,26,.634,    9330,02, 7,    7,   41,    4,   23, 0.408, 263.8, 266.0,  -6.6,  24.1
1921, 4,27,.577,    9328,02, 5,   12,  105,   18,  151, 0.936, 255.6, 299.2, -15.0,  69.8
1921, 4,27,.577,    9329,01, 0,   34,  174,   32,  163, 0.843, 284.0, 285.4,   9.4,  56.0
1921, 4,27,.577,    9331,05, 2,   15,   39,    8,   21, 0.333,  43.7, 215.9,   9.7, -13.5
1921, 4,28,.337,    9328,02, 5,    5,   24,   16,   68, 0.983, 255.2, 299.6, -15.3,  80.2
1921, 4,28,.337,    9329,01, 0,   19,  108,   25,  141, 0.921, 281.7, 285.4,   9.1,  66.0
1921, 4,28,.337,    9331,05, 2,   11,   27,    6,   14, 0.249,  11.5, 216.5,   9.9,  -2.9
1921, 4,29,.351,    9329,01, 0,    9,   67,   28,  197, 0.984, 279.9, 285.0,   9.0,  79.0
1921, 5, 1,.557,    9332,05, 0,    1,    6,    1,    4, 0.571, 291.7, 209.3,   8.9,  32.5
1921, 5, 2,.341,    9332,05, 2,    4,   15,    3,   11, 0.699, 288.5, 208.8,  10.0,  42.3
1921, 5, 2,.341,    9333,05, 1,   26,  121,   27,  125, 0.871, 284.1, 225.7,  10.3,  59.2
1921, 5, 2,.341,   90402,00, 0,    1,    3,    1,    2, 0.493,  49.6, 143.5,  15.1, -22.9
1921, 5, 3,.375,    9333,05, 1,   30,  164,   53,  284, 0.955, 282.4, 224.5,  10.7,  71.7
1921, 5, 4,.348,    9333,05, 1,    5,   44,   37,  287, 0.997, 281.5, 224.3,  11.1,  84.4
1921, 5, 8,.433,    9334,04, 7,    8,   98,   43,  493, 0.995,  89.3,   1.9,   0.4, -84.0
1921, 5, 9,.611,    9334,04, 7,  141, 1105,  200, 1558, 0.934,  88.7,   1.4,   0.1, -69.0
1921, 5, 9,.611,    9335,05, 0,    2,    7,    2,    7, 0.832,  76.3,  15.3,   9.6, -55.1
1921, 5,10,.348,    9334,04, 7,  216, 1741,  211, 1695, 0.856,  88.4,   1.8,  -0.2, -58.8
1921, 5,11,.344,    9334,04, 7,  375, 2386,  269, 1709, 0.714,  87.5,   2.0,  -0.2, -45.5
1921, 5,11,.344,   90403,00, 0,    1,   11,    1,    6, 0.228,   0.0,  47.4,  10.3,   0.0
1921, 5,12,.362,    9334,04, 7,  477, 2372,  280, 1391, 0.520,  85.1,   2.8,   0.2, -31.2
1921, 5,12,.362,   90404,00, 0,    1,    8,    1,    5, 0.489, 260.8,  63.1,  -6.9,  29.1
1921, 5,13,.375,    9334,04, 7,  547, 2606,  287, 1367, 0.300,  80.6,   3.4,   0.3, -17.2
1921, 5,13,.375,    9335,05, 2,    1,    9,    1,    5, 0.251,  16.2,  16.5,  11.3,  -4.1
1921, 5,13,.375,    9336,05, 2,    1,   16,    2,   22, 0.928,  83.5, 312.9,   5.0, -67.7
1921, 5,14,.435,    9334,04, 7,  542, 2759,  272, 1384, 0.074,  48.6,   3.4,   0.3,  -3.2
1921, 5,14,.435,    9336,05, 0,    1,    8,    1,    7, 0.798,  81.5, 314.2,   5.2, -52.4
1921, 5,15,.424,    9334,04, 7,  401, 2272,  204, 1155, 0.177, 288.2,   3.2,   0.8,   9.7
1921, 5,16,.332,    9334,04, 7,  490, 2170,  266, 1177, 0.385, 278.1,   3.9,   1.0,  22.4
1921, 5,17,.341,    9334,04, 7,  361, 1892,  223, 1169, 0.585, 274.6,   3.8,   0.9,  35.7
1921, 5,18,.349,    9334,04, 7,  288, 1331,  221, 1021, 0.757, 273.1,   3.9,   1.0,  49.1
1921, 5,18,.349,    9337,05, 2,    2,   10,    2,    8, 0.768, 284.7,   3.7,   9.9,  48.9
1921, 5,18,.349,    9338,05, 9,    5,   22,    3,   13, 0.519, 256.4, 345.5,  -8.8,  30.7
1921, 5,18,.349,    9339,01, 1,    0,   33,    0,  154, 0.994,  78.9, 231.8,  10.8, -83.0
1921, 5,19,.343,    9334,04, 7,  187,  914,  206, 1003, 0.888, 272.4,   4.2,   1.2,  62.5
1921, 5,19,.343,    9337,05, 0,    0,    4,    0,    5, 0.874, 284.1,   1.5,  11.3,  59.8
1921, 5,19,.343,    9338,05, 9,    5,    9,    4,    7, 0.710, 259.9, 346.7,  -8.5,  45.0
1921, 5,19,.343,    9339,01, 1,   17,   72,   27,  112, 0.944,  77.9, 231.7,  10.8, -70.0
1921, 5,20,.418,    9334,04, 7,   83,  526,  201, 1261, 0.977, 271.2,   5.1,   0.8,  77.7
1921, 5,20,.418,    9339,01, 1,   28,  104,   26,   94, 0.829,  75.7, 232.5,  10.8, -54.9
1921, 5,21,.344,    9334,04, 7,   17,   77,   86,  388, 0.995, 271.1, 359.2,   0.9,  84.0
1921, 5,21,.344,    9339,01, 1,   25,  116,   18,   82, 0.698,  72.5, 232.5,  10.9, -42.7
1921, 5,21,.344,    9340,05, 2,    8,   32,    5,   18, 0.436,  67.4, 251.2,   8.1, -24.0
1921, 5,22,.359,    9339,01, 1,   35,  118,   21,   70, 0.527,  65.8, 232.5,  11.1, -29.3
1921, 5,22,.359,    9340,05, 0,    1,    9,    1,    5, 0.219,  40.7, 253.5,   8.0,  -8.3
1921, 5,23,.375,    9339,01, 1,   37,  178,   20,   96, 0.363,  51.7, 231.4,  11.6, -16.9
1921, 5,24,.392,    9339,01, 1,   29,  132,   15,   68, 0.216,   8.6, 232.9,  11.0,  -1.9
1921, 5,24,.392,   90501,00, 0,    0,    3,    0,    3, 0.807, 281.3, 287.9,   8.3,  53.1
1921, 5,24,.392,   90502,00, 0,    0,    5,    0,    3, 0.324,  31.6, 224.7,  14.7, -10.1
1921, 5,25,.347,    9339,01, 1,   17,   34,    9,   18, 0.282, 320.2, 232.8,  11.3,  10.6
1921, 5,26,.361,    9339,01, 1,    7,   39,    4,   22, 0.445, 298.1, 232.4,  11.1,  23.6
1921, 5,27,.441,    9339,01, 1,    6,   19,    4,   13, 0.637, 289.0, 232.4,  11.2,  37.9
1921, 5,27,.441,    9341,01, 0,    3,   15,    6,   23, 0.944, 106.0, 124.3, -15.4, -70.2
1921, 5,27,.441,    9342,01, 0,    0,   26,    4,  119, 0.994,  96.5, 110.9,  -6.6, -83.6
1921, 5,28,.347,    9339,01, 1,    1,   12,    1,    9, 0.741, 285.7, 229.1,  11.0,  46.6
1921, 5,28,.347,    9341,01, 0,    5,   14,    5,   14, 0.855, 107.4, 124.7, -15.3, -57.8
1921, 5,28,.347,    9342,01, 0,    6,   53,   11,   85, 0.948,  96.7, 111.0,  -6.6, -71.5
1921, 5,29,.439,    9341,01, 0,    1,    4,    1,    3, 0.702, 110.8, 125.3, -15.0, -42.8
1921, 5,29,.439,    9342,01, 0,   20,   77,   19,   72, 0.840,  97.4, 111.1,  -6.6, -57.0
1921, 5,30,.356,    9341,01, 0,    6,   28,    4,   17, 0.552, 116.5, 125.2, -14.8, -30.7
1921, 5,30,.356,    9342,01, 0,   14,   63,   10,   45, 0.710,  99.1, 111.0,  -6.9, -44.9
1921, 5,31,.359,    9343,05, 9,    2,    4,    2,    4, 0.787, 285.2, 193.5,  11.6,  50.8
1921, 5,31,.359,   90503,00, 0,    1,    5,    1,    3, 0.313,  70.2, 125.4,   5.6, -17.2
1921, 5,31,.359,   90504,00, 0,    1,    7,    1,    4, 0.378,  98.3, 120.6,  -3.6, -22.0
1921, 6, 1,.507,    9342,01, 0,    9,   32,    5,   17, 0.284, 111.7, 112.1,  -6.4, -15.4
1921, 6, 1,.507,    9343,05, 9,    6,   29,    9,   42, 0.933, 282.5, 195.9,  11.5,  68.4
1921, 6, 1,.507,    9344,02, 4,   22,   87,   15,   57, 0.640,  68.4,  89.8,  13.3, -37.7
1921, 6, 2,.333,    9342,01, 0,    3,    9,    2,    5, 0.136, 141.5, 111.6,  -6.4,  -4.9
1921, 6, 2,.333,    9343,05, 9,    2,   10,    5,   26, 0.978, 282.5, 194.1,  12.2,  77.6
1921, 6, 2,.333,    9344,02, 4,   36,  129,   21,   74, 0.486,  61.0,  90.6,  13.4, -25.9
1921, 6, 3,.346,    9342,01, 1,    5,   35,    3,   18, 0.197, 240.1, 113.0,  -5.8,   9.9
1921, 6, 3,.346,    9344,02, 4,   45,  196,   24,  104, 0.322,  43.7,  89.9,  13.3, -13.2
1921, 6, 4,.395,    9344,02, 4,   23,   89,   12,   46, 0.228, 356.6,  90.1,  13.1,   0.8
1921, 6, 4,.395,    9345,01, 0,   11,   74,   22,  149, 0.967,  89.3,  14.0,   0.7, -75.3
1921, 6, 5,.526,    9344,02, 4,   18,   57,   10,   31, 0.352, 309.4,  90.5,  13.0,  16.2
1921, 6, 5,.526,    9345,01, 0,   18,  142,   18,  142, 0.862,  89.1,  14.8,   0.8, -59.5
1921, 6, 5,.526,    9346,02, 9,    0,    7,    0,    8, 0.890,  81.5,  11.7,   7.6, -62.6
1921, 6, 6,.411,    9344,02, 4,   31,  124,   18,   72, 0.495, 298.2,  89.3,  13.7,  26.7
1921, 6, 6,.411,    9345,01, 0,   34,  192,   26,  143, 0.738,  89.6,  15.0,   0.4, -47.6
1921, 6, 6,.411,    9346,02, 9,    1,    8,    1,    7, 0.771,  80.3,  12.5,   7.6, -50.1
1921, 6, 7,.415,    9344,02, 4,   64,  263,   44,  181, 0.681, 289.1,  90.7,  13.1,  41.4
1921, 6, 7,.415,    9345,01, 0,   46,  216,   28,  131, 0.561,  89.8,  15.2,   0.4, -34.1
1921, 6, 7,.415,    9347,05, 0,    0,    5,    0,    4, 0.716, 261.8,  94.7,  -5.6,  45.4
1921, 6, 7,.415,   90505,00, 0,    0,    4,    0,    3, 0.653,  75.4,   9.4,   9.7, -39.9
1921, 6, 8,.404,    9344,02, 4,   30,  155,   27,  139, 0.828, 285.3,  91.2,  12.9,  55.0
1921, 6, 8,.404,    9345,01, 0,   48,  236,   26,  127, 0.358,  90.1,  15.2,   0.4, -21.0
1921, 6, 8,.404,    9346,02, 4,   14,   83,    8,   46, 0.417,  72.3,  12.6,   7.7, -23.6
1921, 6, 8,.404,    9347,05, 0,    4,   14,    5,   15, 0.876, 262.9,  97.1,  -6.0,  60.9
1921, 6, 8,.404,    9348,01, 9,    1,    7,    1,    4, 0.169, 204.7,  40.3,  -8.4,   4.1
1921, 6, 8,.404,    9349,02, 4,   14,   27,   10,   19, 0.687,  70.8, 354.4,  13.4, -41.8
1921, 6, 8,.404,   90506,00, 0,    4,    6,    3,    4, 0.617, 112.2,   0.3, -13.1, -35.9
1921, 6, 9,.734,    9344,02, 4,    9,   44,   15,   71, 0.948, 282.5,  89.8,  12.0,  71.2
1921, 6, 9,.734,    9345,01, 0,   51,  273,   26,  137, 0.054,  87.6,  15.5,   0.7,  -3.1
1921, 6, 9,.734,    9346,02, 4,   43,  330,   22,  167, 0.140,  34.6,  14.0,   7.2,  -4.6
1921, 6, 9,.734,    9347,05, 0,    6,   18,   14,   38, 0.969, 263.0,  94.2,  -6.6,  75.6
1921, 6, 9,.734,    9348,01, 9,   18,   59,   10,   33, 0.435, 248.9,  42.8,  -8.5,  24.2
1921, 6, 9,.734,    9349,02, 4,    7,   16,    4,    9, 0.421,  59.2, 356.8,  13.0, -21.8
1921, 6,10,.347,    9344,02, 4,    1,    9,    3,   25, 0.980, 282.6,  88.9,  12.5,  78.4
1921, 6,10,.347,    9345,01, 0,   67,  257,   34,  129, 0.085, 270.1,  15.4,   0.7,   4.9
1921, 6,10,.347,    9346,02, 4,   93,  464,   47,  234, 0.121, 339.1,  13.0,   7.2,   2.5
1921, 6,10,.347,    9348,01, 9,    1,   41,    1,   25, 0.566, 253.5,  43.8,  -8.7,  33.3
1921, 6,11,.383,    9345,01, 0,   54,  238,   29,  126, 0.272, 270.4,  12.6,   0.9,  15.8
1921, 6,11,.383,    9346,02, 4,   53,  307,   28,  162, 0.312, 291.0,  13.9,   7.2,  17.1
1921, 6,11,.383,    9348,01, 9,    2,    7,    2,    6, 0.779, 257.1,  47.1,  -9.5,  50.3
1921, 6,11,.383,    9350,02, 2,   15,   61,    8,   32, 0.293, 333.5,   4.6,  16.0,   7.8
1921, 6,11,.383,    9351,02, 4,    1,   19,    1,   10, 0.247, 189.1, 359.1, -13.3,   2.3
1921, 6,12,.361,    9345,01, 0,   59,  261,   35,  154, 0.525, 270.0,  15.5,   0.8,  31.7
1921, 6,12,.361,    9346,02, 4,   40,  217,   24,  128, 0.525, 281.7,  15.0,   6.9,  31.2
1921, 6,12,.361,    9350,02, 2,    7,   21,    4,   12, 0.433, 306.8,   4.9,  15.9,  21.1
1921, 6,12,.361,    9351,02, 4,   22,   82,   12,   44, 0.359, 227.2, 359.5, -13.2,  15.7
1921, 6,13,.341,    9345,01, 0,   33,  199,   24,  141, 0.706, 270.4,  15.7,   1.0,  44.9
1921, 6,13,.341,    9346,02, 4,   22,  116,   16,   83, 0.710, 279.7,  15.7,   7.6,  44.9
1921, 6,13,.341,    9351,02, 4,    6,   23,    4,   14, 0.521, 241.6, 358.9, -13.4,  28.1
1921, 6,13,.341,    9352,02, 2,    9,   19,    5,   10, 0.160, 140.2, 324.9,  -6.0,  -5.9
1921, 6,14,.367,    9345,01, 0,   25,  132,   25,  129, 0.857, 270.6,  16.3,   1.1,  59.0
1921, 6,14,.367,    9346,02, 7,   19,  147,   19,  140, 0.849, 278.6,  15.2,   7.9,  57.9
1921, 6,14,.367,    9351,02, 4,    5,   13,    4,   10, 0.718, 248.8,   1.0, -14.2,  43.7
1921, 6,14,.367,    9352,02, 2,    7,   17,    4,    9, 0.193, 227.1, 325.5,  -6.4,   8.2
1921, 6,15,.344,    9345,01, 0,   17,   93,   29,  152, 0.949, 270.8,  16.0,   1.2,  71.7
1921, 6,15,.344,    9346,02, 7,    7,   87,   14,  159, 0.960, 278.3,  18.0,   8.3,  73.7
1921, 6,16,.548,    9353,01, 0,    6,   25,   34,  129, 0.995,  80.0, 204.2,  10.1, -84.2
1921, 6,17,.380,    9353,01, 0,   11,   92,   20,  158, 0.954,  80.1, 204.8,   9.9, -72.6
1921, 6,18,.131,    9353,01, 0,   18,  116,   21,  129, 0.890,  79.6, 204.7,  10.0, -62.7
1921, 6,19,.395,    9353,01, 0,   37,  243,   27,  176, 0.721,  77.2, 205.1,  10.4, -45.6
1921, 6,20,.156,    9353,01, 0,   43,  249,   27,  155, 0.591,  75.1, 205.1,  10.3, -35.5
1921, 6,21,.522,    9353,01, 0,   67,  426,   36,  226, 0.329,  62.0, 205.3,  10.8, -17.2
1921, 6,22,.370,    9353,01, 0,   72,  419,   37,  214, 0.194,  33.6, 205.0,  11.4,  -6.3
1921, 6,23,.549,    9353,01, 0,   91,  465,   47,  239, 0.229, 315.0, 205.2,  11.5,   9.5
1921, 6,23,.549,    9354,01, 0,    8,   31,   11,   40, 0.916,  77.5, 129.4,  12.3, -66.3
1921, 6,24,.339,    9353,01, 0,   68,  384,   37,  207, 0.371, 296.1, 205.2,  11.6,  19.9
1921, 6,24,.339,    9354,01, 1,   12,   30,   11,   28, 0.835,  76.8, 129.0,  12.3, -56.3
1921, 6,24,.339,    9355,01, 2,    1,   26,    9,  119, 0.993,  76.9, 101.6,  13.3, -83.7
1921, 6,24,.339,   90601,00, 0,    0,   28,    0,   16, 0.439, 130.6, 165.1, -14.4, -20.1
1921, 6,24,.339,   90602,00, 0,    0,    4,    0,    3, 0.686, 108.8, 143.8, -11.0, -41.4
1921, 6,25,.336,    9353,01, 0,   66,  303,   40,  184, 0.561, 287.2, 205.3,  11.6,  33.2
1921, 6,25,.336,    9354,01, 0,    8,   14,    6,   10, 0.691,  74.8, 129.1,  12.2, -43.0
1921, 6,25,.336,    9355,01, 2,   19,   83,   29,  127, 0.942,  77.1, 101.6,  13.0, -70.5
1921, 6,25,.336,    9356,02, 0,    0,    5,    0,    6, 0.907,  98.7, 107.6,  -6.8, -64.5
1921, 6,26,.655,    9353,01, 0,   34,  244,   28,  196, 0.778, 282.6, 205.4,  11.4,  50.8
1921, 6,26,.655,    9354,01, 0,    7,   14,    4,    8, 0.462,  68.1, 128.6,  12.2, -26.0
1921, 6,26,.655,    9355,01, 2,   17,  116,   15,   98, 0.804,  74.9, 101.6,  13.6, -53.0
1921, 6,26,.655,    9356,02, 5,  110,  421,   82,  313, 0.737, 102.9, 108.1,  -7.7, -46.5
1921, 6,26,.655,    9357,02, 6,   25,   76,   29,   88, 0.899,  75.8,  90.7,  13.9, -63.9
1921, 6,27,.356,    9353,01, 0,   27,  177,   28,  183, 0.872, 281.7, 205.9,  11.5,  60.6
1921, 6,27,.356,    9354,01, 0,    5,   13,    3,    7, 0.327,  59.9, 128.5,  12.0, -16.8
1921, 6,27,.356,    9355,01, 2,   14,  126,   10,   89, 0.703,  73.1, 101.5,  13.7, -43.8
1921, 6,27,.356,    9356,02, 5,  131,  670,   84,  429, 0.623, 106.4, 108.2,  -8.0, -37.1
1921, 6,27,.356,    9357,02, 6,   30,  200,   27,  180, 0.828,  75.4,  89.8,  13.6, -55.5
1921, 6,27,.356,   90603,00, 0,    1,    7,    1,    4, 0.451, 230.4, 166.3, -14.2,  21.0
1921, 6,28,.358,    9353,01, 0,   18,   87,   34,  160, 0.961, 281.0, 206.2,  11.3,  74.1
1921, 6,28,.358,    9355,01, 2,   25,  133,   15,   79, 0.531,  67.7, 101.7,  14.0, -30.4
1921, 6,28,.358,    9356,02, 5,  200, 1281,  111,  711, 0.433, 114.6, 108.7,  -7.8, -23.4
1921, 6,28,.358,    9357,02, 6,   44,  221,   30,  150, 0.671,  72.7,  90.9,  13.6, -41.2
1921, 6,29,.340,    9355,01, 2,   27,  136,   15,   73, 0.358,  56.3, 101.2,  14.2, -17.9
1921, 6,29,.340,    9356,02, 5,  272, 1578,  141,  817, 0.257, 133.7, 108.3,  -7.4, -10.8
1921, 6,29,.340,    9357,02, 6,   93,  385,   54,  222, 0.492,  67.8,  91.2,  13.3, -27.9
1921, 6,30,.585,    9355,01, 2,   25,   86,   13,   44, 0.196,   7.4, 101.1,  14.2,  -1.5
1921, 6,30,.585,    9356,02, 5,  254, 1570,  130,  803, 0.211, 213.2, 109.3,  -7.2,   6.7
1921, 6,30,.585,    9357,02, 6,   67,  602,   35,  313, 0.267,  48.2,  90.8,  13.2, -11.8
1921, 6,30,.585,    9358,05, 4,   17,   39,   16,   35, 0.826, 103.9,  48.2,  -9.7, -54.4
1921, 6,30,.585,    9359,01, 7,   12,   54,   35,  159, 0.984,  81.1,  22.6,   9.3, -80.0
1921, 6,30,.585,    9360,04, 2,   15,   93,   49,  291, 0.987,  85.9,  21.8,   4.5, -80.8
1921, 7, 1,.342,    9355,01, 2,   31,   91,   16,   47, 0.238, 325.5, 100.6,  14.4,   8.0
1921, 7, 1,.342,    9356,02, 5,  205, 1215,  109,  645, 0.335, 237.8, 109.2,  -7.3,  16.6
1921, 7, 1,.342,    9357,02, 6,   92,  529,   47,  269, 0.176,  12.8,  90.3,  13.0,  -2.3
1921, 7, 1,.342,    9358,05, 4,   16,   51,   12,   37, 0.715, 107.2,  48.7, -10.0, -43.9
1921, 7, 1,.342,    9359,01, 7,   24,   96,   36,  144, 0.941,  81.4,  22.2,   9.1, -70.4
1921, 7, 1,.342,    9360,04, 2,   39,  182,   62,  287, 0.947,  86.6,  21.2,   4.2, -71.4
1921, 7, 1,.342,    9361,01, 0,    8,   40,   66,  324, 0.998,  78.9,   6.0,  11.3, -86.6
1921, 7, 2,.341,    9355,01, 2,   14,   31,    8,   17, 0.402, 298.3, 100.7,  14.0,  21.4
1921, 7, 2,.341,    9356,02, 5,  139,  927,   82,  547, 0.529, 251.1, 109.6,  -7.1,  30.3
1921, 7, 2,.341,    9357,02, 6,   67,  372,   35,  193, 0.259, 311.3,  90.8,  13.0,  11.5
1921, 7, 2,.341,    9358,05, 4,    8,   18,    5,   11, 0.524, 115.7,  50.6, -10.3, -28.7
1921, 7, 2,.341,    9359,01, 7,   11,   99,   11,   92, 0.838,  80.8,  22.3,   9.5, -57.0
1921, 7, 2,.341,    9360,04, 2,   55,  312,   51,  289, 0.838,  87.1,  22.2,   4.2, -57.1
1921, 7, 2,.341,    9361,01, 0,   50,  357,   82,  578, 0.950,  78.1,   7.3,  12.3, -72.0
1921, 7, 2,.341,    9362,05, 9,    2,   14,    2,   12, 0.789,  79.6,  27.3,  10.2, -52.0
1921, 7, 3,.358,    9355,01, 2,   11,   19,    7,   12, 0.587, 289.3, 100.7,  13.9,  34.8
1921, 7, 3,.358,    9356,02, 5,  133,  601,   95,  428, 0.710, 257.0, 110.1,  -6.8,  44.2
1921, 7, 3,.358,    9357,02, 6,   50,  327,   28,  183, 0.447, 294.2,  90.7,  13.6,  24.8
1921, 7, 3,.358,    9358,05, 0,    1,    3,    1,    2, 0.325, 138.8,  53.3, -10.9, -12.6
1921, 7, 3,.358,    9359,01, 7,    7,   50,    5,   35, 0.687,  79.1,  22.7,   9.9, -43.2
1921, 7, 3,.358,    9360,04, 4,   91,  421,   64,  294, 0.696,  87.4,  21.7,   4.2, -44.2
1921, 7, 3,.358,    9361,01, 3,  118,  585,  115,  570, 0.856,  77.3,   7.1,  12.6, -58.8
1921, 7, 3,.358,    9362,05, 9,    1,    9,    1,    6, 0.619,  80.0,  27.8,   8.8, -38.1
1921, 7, 3,.358,    9363,02, 4,    8,   22,    8,   20, 0.826,  83.4,  10.1,   7.3, -55.8
1921, 7, 3,.358,    9364,05, 2,    0,    5,    1,    7, 0.924,  79.1, 358.2,  11.3, -67.7
1921, 7, 4,.399,    9355,01, 0,    2,    6,    2,    5, 0.754, 285.7, 100.5,  14.1,  48.4
1921, 7, 4,.399,    9356,02, 5,   67,  374,   67,  369, 0.860, 260.2, 110.7,  -6.6,  58.6
1921, 7, 4,.399,    9357,02, 6,   19,   85,   13,   56, 0.640, 287.7,  91.0,  13.9,  38.9
1921, 7, 4,.399,    9359,01, 7,    1,    6,    1,    4, 0.492,  76.1,  23.1,   9.8, -29.0
1921, 7, 4,.399,    9360,04, 4,  102,  513,   60,  300, 0.516,  88.2,  21.0,   3.9, -31.1
1921, 7, 4,.399,    9361,01, 3,  141,  833,  102,  599, 0.715,  75.6,   6.9,  12.7, -45.2
1921, 7, 4,.399,    9362,05, 9,    0,    5,    0,    3, 0.406,  75.2,  28.7,   9.1, -23.4
1921, 7, 4,.399,    9363,02, 4,   36,   88,   24,   59, 0.659,  82.7,  10.9,   7.4, -41.2
1921, 7, 4,.399,    9365,05, 9,    3,   12,    2,    7, 0.440,  82.2,  26.1,   6.5, -26.0
1921, 7, 5,.411,    9356,02, 5,   25,  204,   46,  366, 0.958, 261.8, 111.5,  -6.8,  72.8
1921, 7, 5,.411,    9357,02, 6,    9,   32,    8,   27, 0.798, 284.5,  91.4,  13.7,  52.7
1921, 7, 5,.411,    9360,04, 4,  136,  684,   72,  360, 0.309,  90.2,  20.7,   3.3, -18.0
1921, 7, 5,.411,    9361,01, 3,  216, 1020,  129,  609, 0.543,  71.4,   6.8,  13.0, -31.9
1921, 7, 5,.411,    9363,02, 4,   14,   51,    8,   29, 0.462,  80.8,  11.3,   7.4, -27.4
1921, 7, 5,.411,    9364,05, 7,    3,   29,    2,   19, 0.630,  77.2,   0.0,  10.8, -38.7
1921, 7, 5,.411,    9365,05, 9,    0,    5,    0,    3, 0.200,  67.9,  27.9,   7.8, -10.8
1921, 7, 5,.411,    9366,01, 7,    3,   35,    2,   18, 0.159,  24.0,  34.9,  11.9,  -3.8
1921, 7, 5,.411,    9367,05, 0,    1,   11,    1,    6, 0.298,  59.2,  23.5,  12.2, -15.2
1921, 7, 6,.355,    9356,02, 5,    0,   32,    0,   85, 0.981, 261.1, 104.4,  -8.0,  78.2
1921, 7, 6,.355,    9360,04, 4,  129,  631,   65,  317, 0.096,  95.6,  20.7,   3.1,  -5.5
1921, 7, 6,.355,    9361,01, 3,  202, 1166,  109,  627, 0.365,  63.2,   6.7,  12.9, -19.5
1921, 7, 6,.355,    9363,02, 0,    5,   17,    3,    9, 0.215,  65.0,  14.8,   8.8, -11.4
1921, 7, 6,.355,    9364,05, 7,   23,   69,   13,   39, 0.452,  73.2,   0.1,  10.8, -26.1
1921, 7, 6,.355,    9366,01, 2,    5,    9,    3,    5, 0.218, 311.5,  35.8,  11.9,   9.6
1921, 7, 6,.355,    9367,05, 0,    0,   13,    0,    7, 0.155,  14.6,  23.9,  12.3,  -2.3
1921, 7, 7,.109,    9360,04, 4,  105,  629,   53,  316, 0.087, 265.0,  21.2,   3.3,   5.0
1921, 7, 7,.109,    9361,01, 3,  171,  991,   88,  508, 0.215,  44.0,   7.4,  12.6,  -8.8
1921, 7, 7,.109,    9364,05, 7,    1,   22,    1,   12, 0.300,  64.6,   0.2,  11.0, -16.0
1921, 7, 8,.429,    9360,04, 4,  121,  520,   66,  283, 0.392, 269.6,  21.9,   3.4,  23.1
1921, 7, 8,.429,    9361,01, 3,  134,  698,   69,  358, 0.220, 314.1,   8.1,  12.6,   9.3
1921, 7, 8,.429,    9364,05, 7,    1,   29,    1,   15, 0.153, 346.5,   0.9,  12.4,   2.1
1921, 7, 8,.429,    9367,05, 0,    1,    7,    1,    4, 0.464, 286.7,  25.7,  11.1,  26.9
1921, 7, 8,.429,    9368,02, 4,    5,   15,    3,    8, 0.316, 167.3, 354.7, -14.1,  -4.1
1921, 7, 8,.429,    9369,02, 5,   31,   75,   24,   58, 0.760,  90.0, 309.3,   2.5, -49.5
1921, 7, 8,.429,   90701,00, 0,    1,    8,    1,    5, 0.501, 281.5,  28.5,   9.1,  29.8
1921, 7, 9,.343,    9360,04, 4,  107,  414,   66,  254, 0.577, 269.8,  22.0,   3.1,  35.3
1921, 7, 9,.343,    9361,01, 3,  106,  564,   58,  307, 0.391, 291.7,   8.5,  12.0,  21.8
1921, 7, 9,.343,    9364,05, 7,    0,    5,    0,    3, 0.216, 299.5, 357.7,  10.0,  11.0
1921, 7, 9,.343,    9366,01, 0,    1,    5,    1,    4, 0.729, 282.2,  33.4,  11.6,  46.7
1921, 7, 9,.343,    9368,02, 4,   35,  155,   19,   83, 0.354, 204.4, 355.4, -14.9,   8.7
1921, 7, 9,.343,    9369,02, 5,   42,  165,   27,  105, 0.611,  90.7, 309.0,   2.7, -37.7
1921, 7, 9,.343,   90702,00, 0,    0,    5,    0,    3, 0.371, 303.0,   5.5,  15.4,  18.8
1921, 7,10,.294,    9360,04, 4,   52,  240,   40,  182, 0.749, 271.0,  22.7,   3.4,  48.6
1921, 7,10,.294,    9361,01, 3,   79,  458,   49,  281, 0.577, 285.0,   8.8,  11.9,  34.7
1921, 7,10,.294,    9364,05, 7,    0,   14,    0,    8, 0.461, 285.5,   1.0,  10.7,  26.9
1921, 7,10,.294,    9368,02, 4,   43,  168,   25,   96, 0.483, 228.2, 356.0, -15.0,  21.9
1921, 7,10,.294,    9369,02, 5,   47,  141,   26,   78, 0.421,  92.1, 309.2,   2.8, -24.9
1921, 7,10,.294,   90703,00, 0,    1,    3,    1,    2, 0.591, 274.6,  10.4,   6.0,  36.3
1921, 7,11,.394,    9360,04, 4,   26,  111,   30,  127, 0.897, 272.0,  23.4,   3.6,  63.9
1921, 7,11,.394,    9361,01, 3,   44,  301,   34,  232, 0.758, 282.4,   8.7,  12.1,  49.2
1921, 7,11,.394,    9368,02, 4,   47,  188,   31,  124, 0.648, 241.6, 355.6, -14.6,  36.1
1921, 7,11,.394,    9369,02, 5,   31,  135,   16,   69, 0.194,  97.1, 308.4,   2.7, -11.1
1921, 7,11,.394,    9370,05, 4,    1,    9,    1,    6, 0.622, 247.3, 355.2, -10.5,  35.7
1921, 7,12,.336,    9360,04, 4,   15,   59,   32,  127, 0.971, 272.7,  23.5,   3.6,  76.4
1921, 7,12,.336,    9361,01, 3,   35,  217,   37,  230, 0.878, 281.2,   8.8,  11.9,  61.7
1921, 7,12,.336,    9368,02, 4,   35,  119,   29,   97, 0.786, 247.9, 355.9, -14.4,  48.8
1921, 7,12,.336,    9369,02, 5,   27,  145,   14,   73, 0.034, 204.5, 307.9,   2.5,   0.8
1921, 7,12,.336,    9370,05, 4,   17,   68,   14,   53, 0.765, 252.9, 355.1, -10.2,  48.0
1921, 7,12,.336,    9371,02, 5,    9,   40,   13,   53, 0.924,  96.3, 240.1,  -4.2, -67.0
1921, 7,13,.343,    9361,01, 3,   27,  115,   53,  224, 0.965, 281.5,   9.0,  12.2,  75.3
1921, 7,13,.343,    9368,02, 4,   15,   66,   18,   79, 0.905, 251.9, 356.3, -14.4,  62.6
1921, 7,13,.343,    9369,02, 5,   23,  100,   12,   52, 0.250, 263.9, 308.1,   2.7,  14.4
1921, 7,13,.343,    9370,05, 4,   22,  110,   25,  123, 0.892, 256.0, 355.3, -10.4,  61.6
1921, 7,13,.343,    9371,02, 5,   22,   85,   19,   74, 0.813,  98.6, 240.0,  -4.4, -53.7
1921, 7,14,.347,    9368,02, 4,    5,   24,   12,   57, 0.976, 253.9, 356.3, -14.7,  75.8
1921, 7,14,.347,    9369,02, 5,    8,   14,    5,    8, 0.452, 267.4, 307.4,   2.8,  26.9
1921, 7,14,.347,    9370,05, 4,   13,   75,   28,  155, 0.969, 258.0, 355.1, -10.5,  74.6
1921, 7,14,.347,    9371,02, 5,   40,  198,   28,  137, 0.686, 102.1, 238.2,  -5.0, -42.3
1921, 7,14,.347,   90704,00, 0,    1,    5,    1,    3, 0.227, 318.0, 289.4,  14.1,   9.0
1921, 7,15,.398,    9369,02, 5,    0,    7,    0,    5, 0.684, 268.7, 309.7,   2.4,  43.2
1921, 7,15,.398,    9371,02, 5,   61,  244,   36,  142, 0.510, 108.4, 237.4,  -5.3, -29.1
1921, 7,16,.400,    9371,02, 5,   30,  154,   16,   81, 0.302, 123.1, 238.6,  -5.0, -14.7
1921, 7,17,.528,    9371,02, 5,   15,  108,    8,   55, 0.166, 197.1, 241.2,  -4.4,   2.8
1921, 7,18,.380,    9371,02, 5,   23,   96,   12,   50, 0.276, 233.7, 240.0,  -4.7,  12.9
1921, 7,19,.372,    9371,02, 0,    8,   35,    5,   21, 0.516, 254.0, 243.8,  -3.9,  29.8
1921, 7,19,.372,    9372,02, 2,    7,   28,    5,   19, 0.645, 113.7, 177.0, -11.1, -37.0
1921, 7,19,.372,   90705,00, 0,    2,    9,    2,    9, 0.839,  76.6, 156.8,  13.9, -57.2
1921, 7,20,.363,    9371,02, 0,    7,   24,    5,   17, 0.691, 258.6, 243.7,  -4.2,  42.8
1921, 7,20,.363,    9372,02, 2,   10,   58,    6,   33, 0.450, 124.6, 178.8, -10.2, -22.1
1921, 7,21,.343,    9371,02, 0,    1,    8,    1,    8, 0.835, 261.7, 243.8,  -4.1,  55.9
1921, 7,21,.343,    9372,02, 2,    1,   11,    1,    6, 0.282, 151.3, 180.0,  -9.3,  -7.9
1921, 7,21,.343,    9373,01, 0,    2,    5,    3,    7, 0.931,  97.4, 119.9,  -5.0, -68.0
1921, 7,22,.386,    9373,01, 1,    6,   18,    6,   16, 0.816, 100.1, 120.3,  -5.2, -53.8
1921, 7,23,.430,    9373,01, 1,    6,   10,    4,    7, 0.657, 104.6, 120.6,  -5.5, -39.7
1921, 7,24,.415,    9373,01, 0,    5,   13,    3,    8, 0.491, 111.2, 119.8,  -5.5, -27.4
1921, 7,24,.415,    9374,02, 4,    8,   25,    5,   16, 0.588, 230.9, 175.7, -17.1,  28.5
1921, 7,25,.427,    9374,02, 4,    9,   33,    7,   25, 0.744, 241.9, 177.1, -16.6,  43.2
1921, 7,25,.427,    9375,02, 4,    6,   18,    5,   14, 0.754,  76.3,  84.9,  13.9, -49.0
1921, 7,25,.427,    9376,02, 2,   16,   64,   36,  140, 0.972, 101.1,  58.7,  -9.4, -75.2
1921, 7,26,.570,    9374,02, 4,    0,    8,    1,   10, 0.909, 249.7, 181.1, -15.9,  62.4
1921, 7,26,.570,    9375,02, 4,   16,   60,   10,   37, 0.575,  74.3,  84.0,  13.5, -34.7
1921, 7,26,.570,    9376,02, 4,   50,  390,   51,  392, 0.865, 104.4,  60.5,  -9.6, -58.2
1921, 7,27,.487,    9375,02, 4,   12,   42,    7,   23, 0.404,  68.7,  83.8,  13.6, -22.8
1921, 7,27,.487,    9376,02, 4,  129,  585,   96,  435, 0.739, 108.4,  61.3,  -9.6, -45.3
1921, 7,28,.355,    9375,02, 4,    5,   27,    3,   14, 0.201,  46.2,  86.5,  13.6,  -8.6
1921, 7,28,.355,    9376,02, 4,  135,  913,   84,  567, 0.591, 114.4,  62.0,  -9.4, -33.1
1921, 7,29,.478,    9375,02, 4,   19,   41,   10,   21, 0.176, 323.4,  86.5,  13.8,   6.2
1921, 7,29,.478,    9376,02, 4,  224,  962,  122,  522, 0.387, 129.8,  62.8,  -8.9, -17.5
1921, 7,29,.478,   90706,00, 0,    1,    5,    1,    3, 0.251, 293.4,  93.9,  11.3,  13.6
1921, 7,29,.478,   90707,00, 0,    0,    1,    0,    1, 0.709,  77.3,  35.1,  13.0, -45.2
1921, 7,30,.342,    9375,02, 4,    7,   22,    4,   12, 0.336, 294.7,  87.1,  13.6,  18.3
1921, 7,30,.342,    9376,02, 4,  225, 1163,  117,  603, 0.265, 158.6,  63.2,  -8.5,  -5.6
1921, 7,31,.662,    9376,02, 4,  132,  995,   70,  527, 0.328, 222.4,  64.3,  -8.3,  12.9
1921, 8, 1,.673,    9376,02, 1,  133,  752,   78,  439, 0.514, 242.0,  65.3,  -8.7,  27.3
1921, 8, 2,.444,    9376,02, 1,   81,  505,   54,  333, 0.649, 248.9,  65.6,  -8.8,  37.8
1921, 8, 2,.444,   90708,00, 0,    1,    5,    1,    3, 0.458,  61.9,   2.7,  17.9, -25.1
1921, 8, 3,.510,    9376,02, 1,   46,  277,   40,  237, 0.808, 254.3,  65.6,  -8.9,  51.9
1921, 8, 4,.399,    9376,02, 1,   17,  142,   22,  177, 0.913, 257.2,  66.4,  -9.1,  64.4
1921, 8, 5,.355,    9376,02, 1,    5,   25,   15,   64, 0.979, 259.5,  66.4,  -8.9,  77.1
1921, 8, 9,.342,   90801,00, 0,    5,   13,    3,    7, 0.351, 282.8, 317.0,  10.5,  20.4
1921, 8,11,.477,    9377,01, 7,   45,  148,   24,   79, 0.342, 114.7, 250.3,  -2.0, -18.1
1921, 8,12,.490,    9377,01, 7,   53,  225,   27,  114, 0.152, 152.8, 251.0,  -1.2,  -4.0
1921, 8,13,.364,    9377,01, 7,   39,  223,   20,  114, 0.190, 228.0, 251.5,  -0.7,   8.1
1921, 8,13,.364,    9378,01, 0,    0,    9,    0,   17, 0.962,  87.2, 168.8,   4.5, -74.6
1921, 8,14,.323,    9377,01, 7,   22,  145,   12,   79, 0.389, 252.5, 252.6,  -0.5,  21.8
1921, 8,14,.323,    9378,01, 0,    1,    6,    2,    7, 0.876,  88.9, 169.4,   4.2, -61.4
1921, 8,15,.666,    9377,01, 2,   17,  105,   12,   71, 0.670, 262.2, 254.6,  -0.2,  41.6
1921, 8,15,.666,   90802,00, 0,    0,    7,    0,   12, 0.946, 260.3, 282.9,  -6.9,  69.9
1921, 8,16,.372,    9377,01, 0,    8,   56,    7,   46, 0.789, 264.8, 255.5,   0.1,  51.8
1921, 8,16,.372,    9379,01, 0,   16,   95,   34,  193, 0.968,  96.7, 129.0,  -4.7, -74.7
1921, 8,17,.477,    9377,01, 0,    8,   41,   11,   53, 0.918, 267.1, 255.6,   0.1,  66.5
1921, 8,17,.477,    9379,01, 0,   32,  189,   34,  196, 0.874,  99.3, 129.1,  -4.7, -60.0
1921, 8,18,.345,    9377,01, 0,    0,   19,    0,   48, 0.978, 269.3, 255.6,   0.7,  78.0
1921, 8,18,.345,    9379,01, 0,   38,  245,   30,  191, 0.765, 102.2, 129.0,  -4.8, -48.6
1921, 8,18,.345,    9380,02, 5,   15,   54,    9,   31, 0.479, 216.1, 194.7, -16.2,  17.1
1921, 8,19,.346,    9379,01, 0,   44,  284,   28,  178, 0.600, 107.2, 129.3,  -4.6, -35.1
1921, 8,19,.346,    9380,02, 5,   57,  248,   37,  160, 0.629, 233.6, 196.2, -16.1,  31.8
1921, 8,20,.342,    9379,01, 0,   45,  268,   25,  148, 0.417, 117.4, 129.4,  -4.6, -21.8
1921, 8,20,.342,    9380,02, 5,   43,  234,   34,  183, 0.766, 242.4, 196.1, -15.9,  44.9
1921, 8,21,.158,    9379,01, 0,   57,  267,   30,  139, 0.274, 137.0, 129.6,  -4.7, -10.8
1921, 8,21,.158,    9380,02, 5,   39,  190,   40,  192, 0.867, 246.8, 196.5, -16.2,  56.1
1921, 8,21,.158,    9381,01, 9,    3,   16,    3,   14, 0.803,  81.1,  86.4,  11.3, -54.0
1921, 8,22,.477,    9379,01, 0,   38,  192,   20,   99, 0.237, 211.4, 130.1,  -4.7,   7.1
1921, 8,22,.477,    9380,02, 5,   10,   74,   27,  186, 0.979, 252.2, 198.6, -15.8,  75.6
1921, 8,22,.477,    9381,01, 9,   16,   63,   10,   39, 0.576,  80.8,  87.6,  11.0, -35.4
1921, 8,22,.477,    9382,02, 8,    1,   15,    2,   19, 0.909,  81.7,  56.8,  10.4, -66.2
1921, 8,23,.395,    9379,01, 2,   40,  197,   22,  107, 0.385, 239.9, 130.4,  -4.5,  19.5
1921, 8,23,.395,    9381,01, 9,    5,   58,    3,   32, 0.405,  77.9,  87.1,  11.3, -23.8
1921, 8,23,.395,    9382,02, 8,    4,   18,    4,   16, 0.811,  82.5,  56.1,  10.2, -54.8
1921, 8,23,.395,    9383,02, 4,   26,  114,   15,   66, 0.495, 236.0, 135.5,  -9.7,  24.6
1921, 8,23,.395,    9384,02, 0,    1,    5,    1,    3, 0.107,  57.7, 105.6,  10.3,  -5.3
1921, 8,24,.364,    9379,01, 2,   11,  115,    7,   70, 0.567, 252.3, 130.9,  -4.0,  32.8
1921, 8,24,.364,    9381,01, 9,    7,   27,    4,   14, 0.156,  63.5,  89.9,  11.0,  -8.2
1921, 8,24,.364,    9382,02, 8,   27,  132,   20,   95, 0.713,  81.1,  52.2,  11.3, -45.9
1921, 8,24,.364,    9383,02, 4,   34,  114,   23,   76, 0.656, 247.0, 135.8,  -9.3,  37.7
1921, 8,25,.313,    9379,01, 2,    8,   60,    6,   44, 0.725, 257.6, 130.7,  -4.0,  45.2
1921, 8,25,.313,    9382,02, 8,  132,  495,   79,  296, 0.544,  79.6,  52.4,  11.6, -33.1
1921, 8,25,.313,    9383,02, 4,    7,   18,    6,   16, 0.807, 253.6, 137.1,  -8.8,  51.6
1921, 8,25,.313,   90803,00, 0,    6,   16,    4,   11, 0.634, 251.0, 122.6,  -6.3,  37.1
1921, 8,26,.378,    9381,01, 9,    1,   11,    1,    6, 0.311, 284.3,  89.3,  11.2,  17.9
1921, 8,26,.378,    9382,02, 8,  193, 1252,  102,  659, 0.311,  76.3,  53.5,  11.0, -17.9
1921, 8,26,.378,    9384,02, 6,    4,   25,    3,   16, 0.604, 279.8, 108.8,  11.6,  37.4
1921, 8,27,.347,    9382,02, 8,  138, 1350,   70,  680, 0.119,  55.1,  52.9,  11.0,  -5.7
1921, 8,27,.347,    9384,02, 6,   66,  239,   52,  187, 0.767, 279.2, 109.2,  11.6,  50.6
1921, 8,28,.423,    9382,02, 8,  187,  866,   95,  440, 0.172, 294.1,  53.6,  11.1,   9.2
1921, 8,28,.423,    9384,02, 6,   45,  229,   57,  288, 0.915, 279.3, 111.5,  11.4,  67.1
1921, 8,28,.423,   90804,00, 0,    3,    9,    2,    5, 0.156,  75.6,  35.6,   9.3,  -8.8
1921, 8,29,.354,    9382,02, 2,  121,  673,   66,  365, 0.386, 282.2,  54.7,  11.3,  22.6
1921, 8,29,.354,    9384,02, 6,   41,  155,  109,  412, 0.981, 280.2, 112.0,  11.3,  79.9
1921, 8,30,.436,    9382,02, 2,  104,  475,   66,  299, 0.604, 278.2,  55.3,  10.7,  37.5
1921, 8,31,.340,    9382,02, 2,   58,  352,   45,  273, 0.760, 277.3,  55.9,  10.2,  50.0
1921, 8,31,.340,    9385,02, 4,   20,   79,   13,   51, 0.619, 244.4,  40.4,  -9.6,  34.5
1921, 9, 1,.474,    9382,02, 2,   10,   55,   12,   67, 0.907, 278.2,  56.8,  10.4,  65.9
1921, 9, 1,.474,    9385,02, 4,   18,   71,   16,   60, 0.803, 252.3,  41.8,  -9.6,  50.9
1921, 9, 2,.176,    9382,02, 2,    2,    6,    4,   13, 0.965, 279.7,  57.4,  11.2,  75.8
1921, 9, 2,.176,    9385,02, 4,    9,   46,   11,   51, 0.890, 256.0,  42.5,  -9.0,  60.9
1921, 9, 3,.405,    9385,02, 4,    1,   20,    2,   41, 0.966, 257.7,  38.7,  -9.9,  73.3
1921, 9, 3,.405,    9386,02, 2,   20,   58,   13,   37, 0.603, 281.5,   2.7,  12.7,  37.3
1921, 9, 4,.343,    9386,02, 2,    3,   18,    3,   14, 0.755, 280.3,   2.5,  12.5,  49.5
1921, 9, 7,.338,    9387,02, 0,    1,    4,    1,    3, 0.639, 117.2, 238.1, -11.1, -35.4
1921, 9,10,.500,    9387,02, 4,    9,   31,    5,   17, 0.347, 205.0, 240.3, -11.2,   8.6
1921, 9,11,.366,    9387,02, 4,   48,  169,   27,   95, 0.454, 227.1, 240.1, -11.2,  19.8
1921, 9,12,.563,    9387,02, 4,   56,  256,   38,  174, 0.674, 244.7, 242.9, -11.1,  38.4
1921, 9,12,.563,    9388,01, 1,    0,   43,    0,  346, 0.998,  80.2, 117.0,  10.2, -87.5
1921, 9,13,.347,    9387,02, 4,   63,  280,   52,  231, 0.793, 250.1, 243.5, -11.0,  49.4
1921, 9,13,.347,    9388,01, 1,   45,  266,   96,  568, 0.971,  81.2, 117.0,  10.2, -77.1
1921, 9,14,.326,    9387,02, 4,   24,  139,   30,  171, 0.912, 254.5, 244.7, -11.0,  63.5
1921, 9,14,.326,    9388,01, 1,   84,  441,   95,  495, 0.893,  82.5, 117.2,   9.9, -64.0
1921, 9,15,.636,    9387,02, 4,    1,   11,   11,   64, 0.996, 258.7, 247.0, -10.5,  83.1
1921, 9,15,.636,    9388,01, 1,  162,  699,  118,  508, 0.722,  83.1, 117.2,   9.9, -46.7
1921, 9,15,.636,    9389,02, 7,    8,   75,    8,   72, 0.848, 100.6, 107.1,  -5.1, -56.8
1921, 9,16,.358,    9388,01, 1,  170,  784,  107,  492, 0.600,  83.0, 117.2,   9.9, -37.2
1921, 9,16,.358,    9389,02, 7,   46,  191,   36,  148, 0.759, 103.3, 106.5,  -5.3, -47.9
1921, 9,17,.367,    9388,01, 1,  166,  883,   91,  484, 0.407,  81.7, 117.0,   9.9, -24.1
1921, 9,17,.367,    9389,02, 7,   34,  135,   21,   83, 0.576, 109.8, 108.1,  -5.3, -33.0
1921, 9,18,.175,    9388,01, 1,  237,  985,  122,  507, 0.233,  77.1, 117.1,   9.9, -13.3
1921, 9,18,.175,    9389,02, 7,   48,  142,   27,   80, 0.449, 118.4, 107.0,  -5.8, -23.4
1921, 9,18,.175,    9390,02, 4,   50,  102,   27,   55, 0.366, 195.3, 136.1, -13.6,   5.7
1921, 9,19,.110,    9388,01, 1,  183,  924,   92,  463, 0.052,  17.4, 117.1,   9.9,  -0.9
1921, 9,19,.110,    9389,02, 7,   26,   61,   14,   32, 0.265, 146.7, 109.6,  -5.8,  -8.4
1921, 9,19,.110,    9390,02, 4,   24,   55,   14,   31, 0.455, 221.9, 136.2, -13.1,  18.2
1921, 9,20,.358,    9388,01, 1,  177,  829,   92,  431, 0.270, 281.6, 117.2,   9.9,  15.6
1921, 9,20,.358,    9389,02, 7,   38,  126,   20,   66, 0.278, 222.1, 112.4,  -5.0,  10.8
1921, 9,21,.625,    9388,01, 1,  164,  681,   97,  403, 0.532, 276.9, 117.3,   9.6,  32.4
1921, 9,21,.625,    9389,02, 1,   33,  200,   20,  121, 0.557, 250.0, 116.6,  -5.0,  31.7
1921, 9,22,.341,    9388,01, 1,  136,  598,   91,  399, 0.660, 276.9, 117.1,   9.8,  41.7
1921, 9,22,.341,    9389,02, 1,   50,  208,   35,  144, 0.689, 255.0, 117.3,  -5.1,  41.9
1921, 9,23,.429,    9388,01, 1,   81,  385,   73,  344, 0.826, 277.0, 117.3,   9.7,  56.3
1921, 9,23,.429,    9389,02, 1,   26,  132,   26,  130, 0.859, 259.3, 119.0,  -5.5,  58.0
1921, 9,23,.429,   90901,00, 0,    0,    2,    0,    3, 0.923, 259.3, 127.1,  -7.1,  66.1
1921, 9,24,.463,    9388,01, 1,   41,  242,   58,  339, 0.932, 277.7, 117.0,   9.6,  69.6
1921, 9,24,.463,    9389,02, 1,   18,   56,   33,  100, 0.959, 262.4, 120.0,  -5.3,  72.6
1921, 9,24,.463,    9391,02, 4,    9,   33,    5,   17, 0.100, 289.4,  52.9,   8.8,   5.5
1921, 9,25,.373,    9388,01, 1,   24,  127,   82,  430, 0.988, 278.7, 117.6,   9.6,  82.2
1921, 9,25,.373,    9391,02, 4,   45,  134,   24,   71, 0.319, 277.1,  54.1,   8.8,  18.7
1921, 9,26,.346,    9391,02, 4,   73,  280,   44,  167, 0.541, 275.1,  55.5,   8.5,  33.0
1921, 9,27,.334,    9391,02, 4,   77,  387,   56,  280, 0.719, 274.6,  55.9,   8.0,  46.4
1921, 9,28,.364,    9391,02, 7,   76,  433,   74,  418, 0.853, 275.5,  55.0,   8.2,  59.1
1921, 9,29,.362,    9391,02, 7,   57,  353,   91,  560, 0.948, 276.2,  54.9,   8.0,  72.1
1921, 9,30,.349,    9391,02, 7,    5,   53,   15,  161, 0.985, 277.2,  50.7,   8.2,  81.0
1921,10, 1,.391,   91001,00, 0,    1,    5,    1,    3, 0.465,   8.0, 311.4,  34.0,  -4.5
1921,10, 8,.505,    9392,02, 4,   14,   38,   11,   29, 0.753,  95.7, 173.6,  -0.2, -48.5
1921,10, 8,.505,   91002,00, 0,   10,   25,    6,   15, 0.508, 233.6, 246.8, -11.9,  24.7
1921,10, 8,.505,   91003,00, 0,    1,    9,    1,    5, 0.374,  85.6, 200.0,   7.4, -22.1
1921,10, 9,.428,    9392,02, 4,    7,   33,    5,   21, 0.599,  97.9, 173.5,   0.2, -36.4
1921,10, 9,.428,   91004,00, 0,    8,   25,    5,   15, 0.542, 125.8, 183.1, -13.0, -26.8
1921,10,10,.439,    9393,01, 0,    4,   32,   12,   81, 0.979,  79.7, 117.4,  11.3, -79.2
1921,10,11,.412,    9392,02, 4,   13,   72,    7,   37, 0.195, 121.3, 174.2,   0.1,  -9.6
1921,10,11,.412,    9393,01, 0,   13,   47,   17,   59, 0.913,  80.2, 117.2,  11.4, -66.6
1921,10,11,.412,    9394,02, 9,    7,   11,    5,    8, 0.663, 124.5, 148.9, -17.2, -34.9
1921,10,12,.334,    9392,02, 4,   45,  123,   23,   62, 0.113, 205.7, 174.4,   0.1,   2.8
1921,10,12,.334,    9393,01, 0,   12,   32,   11,   28, 0.812,  80.0, 116.9,  11.6, -54.7
1921,10,12,.334,    9394,02, 9,    5,   21,    3,   13, 0.543, 134.8, 147.8, -17.1, -23.8
1921,10,13,.395,    9392,02, 4,   28,  136,   15,   72, 0.313, 251.6, 174.9,  -0.1,  17.3
1921,10,13,.395,    9393,01, 0,   15,   54,   10,   36, 0.652,  79.0, 116.8,  11.6, -40.8
1921,10,13,.395,    9394,02, 9,    1,    7,    1,    4, 0.393, 159.5, 149.4, -15.8,  -8.2
1921,10,14,.470,    9392,02, 4,    3,   11,    2,    7, 0.528, 260.4, 174.8,  -0.1,  31.4
1921,10,14,.470,    9393,01, 0,   17,   42,   10,   24, 0.461,  73.9, 116.4,  12.5, -27.0
1921,10,14,.470,    9395,01, 0,   11,   56,   46,  222, 0.992,  83.3,  60.2,   7.4, -83.2
1921,10,14,.470,   91004,00, 0,    1,   12,    2,   13, 0.877,  83.5,  81.6,   8.5, -61.8
1921,10,15,.384,    9392,02, 4,    0,    4,    0,    3, 0.642, 266.8, 171.3,   2.3,  39.9
1921,10,15,.384,    9393,01, 0,    3,    9,    2,    5, 0.271,  66.2, 116.7,  11.8, -14.7
1921,10,15,.384,    9395,01, 0,   21,  118,   32,  176, 0.940,  84.3,  60.8,   7.3, -70.6
1921,10,16,.440,    9393,01, 7,    1,   39,    1,   20, 0.156,  16.4, 114.8,  14.2,  -2.6
1921,10,16,.440,    9395,01, 0,   34,  172,   31,  157, 0.834,  85.1,  60.5,   7.2, -56.9
1921,10,17,.383,    9393,01, 7,    0,   33,    0,   17, 0.228, 313.0, 114.9,  14.4,   9.9
1921,10,17,.383,    9395,01, 0,   40,  202,   28,  141, 0.693,  85.1,  60.9,   7.4, -44.1
1921,10,18,.382,    9393,01, 7,    1,   49,    1,   27, 0.417, 294.5, 114.9,  15.0,  23.1
1921,10,18,.382,    9395,01, 0,   53,  252,   31,  147, 0.511,  84.5,  60.9,   7.5, -30.9
1921,10,19,.543,    9393,01, 7,    3,    7,    2,    5, 0.635, 286.2, 115.5,  14.4,  39.0
1921,10,19,.543,    9395,01, 0,   40,  227,   21,  118, 0.269,  82.5,  60.9,   7.2, -15.6
1921,10,20,.397,    9395,01, 0,   39,  199,   20,  100, 0.081,  66.9,  60.9,   7.1,  -4.3
1921,10,20,.397,    9396,02, 0,    1,    8,    1,    5, 0.545,  81.4,  32.1,   9.1, -33.1
1921,10,21,.400,    9395,01, 0,   35,  167,   18,   85, 0.155, 281.4,  60.8,   6.9,   8.8
1921,10,22,.392,    9395,01, 0,   33,  144,   18,   78, 0.375, 274.9,  61.0,   6.6,  22.1
1921,10,22,.392,    9397,02, 0,    2,   11,    3,   16, 0.935,  87.8, 329.4,   3.9, -69.5
1921,10,22,.392,   91006,00, 0,    0,   12,    0,   26, 0.972,  93.0, 322.8,  -1.7, -76.1
1921,10,23,.429,    9395,01, 0,   16,   64,   10,   40, 0.581, 273.8,  61.0,   6.3,  35.7
1921,10,23,.429,    9396,02, 7,   13,   64,    7,   33, 0.187, 285.4,  35.8,   7.8,  10.5
1921,10,23,.429,    9397,02, 6,  109,  465,  105,  446, 0.851,  88.9, 326.8,   3.6, -58.5
1921,10,23,.429,   91007,00, 0,    3,    9,    2,    5, 0.417, 288.5,  49.1,  12.2,  23.9
1921,10,24,.384,    9395,01, 0,    7,   22,    6,   17, 0.745, 274.2,  61.1,   6.4,  48.4
1921,10,24,.384,    9396,02, 7,  135,  509,   74,  278, 0.401, 278.7,  36.3,   8.0,  23.6
1921,10,24,.384,    9397,02, 6,  152,  950,  109,  679, 0.712,  89.5, 327.2,   3.8, -45.5
1921,10,25,.385,    9395,01, 0,    4,   11,    5,   12, 0.878, 274.5,  61.2,   6.3,  61.7
1921,10,25,.385,    9396,02, 4,  184,  757,  116,  477, 0.606, 276.5,  36.9,   7.8,  37.4
1921,10,25,.385,    9397,02, 6,  190, 1055,  113,  625, 0.535,  90.4, 327.1,   3.9, -32.4
1921,10,26,.304,    9396,02, 4,  160,  959,  125,  746, 0.763, 276.2,  37.3,   7.8,  50.0
1921,10,26,.304,    9397,02, 6,  196, 1229,  105,  657, 0.351,  92.4, 326.7,   3.6, -20.6
1921,10,27,.324,    9396,02, 4,  107,  676,  127,  799, 0.907, 276.6,  39.4,   7.9,  65.5
1921,10,27,.324,    9397,02, 6,  216, 1015,  109,  512, 0.126,  98.1, 326.7,   3.6,  -7.2
1921,10,27,.324,    9398,02, 0,    0,    3,    0,    3, 0.747,  79.7, 285.5,  10.8, -48.4
1921,10,28,.363,    9396,02, 4,   71,  384,  184,  991, 0.980, 277.4,  39.3,   8.1,  79.1
1921,10,28,.363,    9397,02, 6,  168,  963,   85,  485, 0.118, 261.2, 326.9,   3.5,   6.7
1921,10,28,.363,    9398,02, 4,    8,   41,    5,   25, 0.556,  77.4, 286.7,  10.8, -33.5
1921,10,29,.485,    9397,02, 6,  150,  620,   81,  335, 0.375, 269.4, 327.5,   3.9,  22.1
1921,10,29,.485,    9398,02, 4,   22,   84,   12,   45, 0.333,  67.4, 287.1,  11.6, -18.3
1921,10,30,.455,    9397,02, 6,  108,  466,   67,  289, 0.589, 271.2, 328.8,   4.2,  36.2
1921,10,30,.455,   91101,00, 0,    0,   19,    0,   10, 0.123,   4.8, 292.0,  11.4,  -0.6
1921,10,31,.330,    9397,02, 6,   77,  323,   58,  241, 0.739, 271.5, 328.9,   4.0,  47.8
1921,11, 1,.341,    9397,02, 6,   38,  190,   41,  201, 0.880, 272.8, 329.5,   4.4,  61.8
1921,11, 1,.341,   91102,00, 0,    2,   12,    2,    9, 0.735, 256.2, 313.7,  -7.2,  46.0
1921,11, 2,.338,    9397,02, 6,   13,   83,   26,  157, 0.963, 273.4, 329.2,   4.4,  74.6
1921,11,10,.392,   91103,00, 0,    1,    7,    1,    4, 0.276,  31.2, 139.8,  16.8,  -8.6
1921,11,12,.326,    9399,01, 1,   28,  190,   68,  456, 0.977,  83.3,  45.0,   7.2, -77.9
1921,11,12,.326,   91104,00, 0,    1,    4,    1,    3, 0.707, 246.5, 164.9, -14.2,  42.0
1921,11,13,.424,    9399,01, 1,   94,  442,  108,  505, 0.897,  83.4,  44.5,   7.2, -63.9
1921,11,13,.424,   91105,00, 0,    1,    3,    1,    2, 0.451,  58.5,  84.8,  16.2, -23.6
1921,11,14,.325,    9399,01, 1,  110,  624,   91,  514, 0.792,  82.7,  44.1,   7.4, -52.4
1921,11,15,.970,    9399,01, 1,  165,  773,  113,  527, 0.677,  82.2,  43.9,   7.2, -42.5
1921,11,16,.329,    9399,01, 1,  160,  956,   90,  535, 0.447,  78.3,  43.9,   7.4, -26.2
1921,11,17,.390,    9399,01, 1,  182,  926,   94,  476, 0.231,  67.3,  43.7,   7.4, -12.4
1921,11,17,.390,    9400,01, 0,    4,   52,   20,  224, 0.992,  85.8, 333.0,   4.5, -83.1
1921,11,18,.317,    9399,01, 1,  173,  956,   87,  480, 0.090,   4.4,  43.5,   7.4,  -0.4
1921,11,18,.317,    9400,01, 0,   12,   77,   20,  121, 0.947,  86.1, 332.6,   4.4, -71.3
1921,11,18,.317,   91106,00, 0,    3,    9,    2,    5, 0.245,  27.4,  37.2,  14.8,  -6.7
1921,11,19,.324,    9399,01, 1,  134,  899,   69,  463, 0.239, 294.3,  43.3,   7.7,  12.7
1921,11,19,.324,    9400,01, 0,   16,  128,   16,  122, 0.849,  86.1, 332.4,   4.4, -58.2
1921,11,19,.324,    9401,02, 7,   52,  343,  100,  655, 0.963,  97.0, 316.5,  -6.2, -74.1
1921,11,20,.382,    9399,01, 1,  171,  859,   96,  482, 0.450, 283.7,  42.9,   7.9,  26.2
1921,11,20,.382,    9400,01, 0,   36,  157,   26,  111, 0.703,  85.3, 332.0,   4.7, -44.7
1921,11,20,.382,    9401,02, 7,  103,  628,  106,  647, 0.872,  98.0, 316.5,  -6.0, -60.2
1921,11,20,.382,   91107,00, 0,    0,    5,    0,    3, 0.336, 301.8,  33.7,  12.1,  17.0
1921,11,21,.339,    9399,01, 1,   98,  640,   64,  414, 0.632, 280.6,  43.0,   8.1,  38.9
1921,11,21,.339,    9400,01, 0,   42,  198,   25,  117, 0.525,  84.8, 332.5,   4.3, -31.6
1921,11,21,.339,    9401,02, 7,  171,  837,  128,  627, 0.742,  99.9, 316.8,  -6.1, -47.3
1921,11,21,.339,   91108,00, 0,    0,    6,    0,    4, 0.487, 279.2,  33.0,   6.1,  28.9
1921,11,22,.345,    9399,01, 1,   64,  396,   53,  326, 0.792, 279.1,  43.0,   8.3,  52.2
1921,11,22,.345,    9400,01, 0,   36,  193,   19,  102, 0.320,  82.0, 332.3,   4.2, -18.5
1921,11,22,.345,    9401,02, 7,  166, 1082,  101,  655, 0.561, 103.2, 317.5,  -5.9, -33.3
1921,11,23,.324,    9399,01, 1,   52,  330,   61,  385, 0.901, 278.4,  42.2,   8.3,  64.3
1921,11,23,.324,    9400,01, 0,   43,  198,   22,  100, 0.105,  67.7, 332.3,   3.9,  -5.6
1921,11,23,.324,    9401,02, 8,  266, 1290,  144,  696, 0.373, 111.1, 317.4,  -6.2, -20.5
1921,11,24,.475,    9399,01, 1,   23,  136,   67,  382, 0.983, 278.1,  42.3,   8.2,  79.5
1921,11,24,.475,    9400,01, 0,   33,  220,   17,  112, 0.170, 282.0, 332.4,   3.5,   9.6
1921,11,24,.475,    9401,02, 8,  266, 1362,  135,  689, 0.147, 149.5, 318.5,  -5.8,  -4.3
1921,11,25,.316,    9400,01, 0,   28,  160,   15,   86, 0.355, 276.0, 332.4,   3.4,  20.7
1921,11,25,.316,    9401,02, 7,  228, 1165,  116,  592, 0.171, 225.9, 318.8,  -5.5,   7.1
1921,11,26,.378,    9400,01, 0,   22,  147,   14,   90, 0.573, 274.0, 332.6,   3.3,  34.9
1921,11,26,.378,    9401,02, 7,  207, 1029,  112,  555, 0.371, 251.5, 318.4,  -5.6,  20.7
1921,11,27,.447,    9400,01, 0,   18,   92,   14,   71, 0.756, 272.9, 332.7,   2.9,  49.1
1921,11,27,.447,    9401,02, 7,  180,  830,  112,  515, 0.588, 258.7, 319.0,  -5.7,  35.4
1921,11,28,.471,    9400,01, 0,   14,   67,   16,   75, 0.890, 272.6, 333.0,   2.8,  62.9
1921,11,28,.471,    9401,02, 7,  158,  782,  122,  604, 0.760, 261.6, 319.2,  -5.7,  49.1
1921,11,29,.335,    9400,01, 0,    3,    9,    7,   18, 0.961, 272.7, 332.7,   2.8,  74.0
1921,11,29,.335,    9401,02, 7,   90,  524,   92,  536, 0.870, 263.3, 318.9,  -5.4,  60.2
1921,11,30,.541,    9401,02, 7,   36,  315,   82,  709, 0.974, 264.3, 319.5,  -5.4,  76.7
1921,12, 1,.366,    9402,05, 9,    3,   17,    2,   10, 0.497, 292.1, 259.9,  11.3,  28.0
1921,12, 2,.331,    9402,05, 9,    2,   13,    2,    9, 0.676, 285.9, 260.7,  11.0,  41.5
1921,12, 2,.331,    9403,05, 0,    5,   19,    3,   11, 0.479, 257.3, 247.2,  -5.6,  28.0
1921,12, 3,.327,    9402,05, 9,    4,   17,    4,   16, 0.826, 282.1, 261.2,  10.2,  55.1
1921,12, 3,.327,    9403,05, 2,    1,   10,    1,    7, 0.652, 260.4, 246.4,  -6.0,  40.3
1921,12, 6,.449,   91201,00, 0,    1,   16,    1,   14, 0.809, 105.4, 111.9, -12.4, -53.0
1921,12, 9,.584,    9404,01, 2,   17,   85,   51,  248, 0.984,  82.1,  44.0,   7.7, -79.7
1921,12,10,.334,    9404,01, 2,   32,  149,   47,  218, 0.938,  81.6,  44.4,   7.7, -69.4
1921,12,11,.398,    9404,01, 2,   61,  375,   54,  327, 0.817,  80.1,  45.5,   7.7, -54.3
1921,12,11,.398,    9405,02, 2,   33,  115,   17,   59, 0.192, 328.7, 105.6,   8.8,   5.8
1921,12,12,.368,    9404,01, 7,   88,  489,   60,  332, 0.673,  77.5,  45.5,   7.8, -41.5
1921,12,12,.368,    9405,02, 2,   35,  108,   19,   58, 0.363, 296.9, 106.1,   8.7,  19.1
1921,12,12,.368,    9406,02, 9,   14,   35,    9,   22, 0.595,  76.4,  51.3,   7.4, -35.7
1921,12,13,.314,    9404,01, 7,  154,  887,   89,  512, 0.497,  72.7,  45.9,   7.7, -28.6
1921,12,13,.314,    9405,02, 2,   18,   47,   11,   29, 0.562, 286.7, 107.5,   8.5,  33.0
1921,12,13,.314,    9406,02, 9,   11,   31,    6,   17, 0.393,  68.8,  52.8,   7.3, -21.7
1921,12,13,.314,   91202,00, 0,    0,    5,    0,    3, 0.298,  72.0,  58.0,   4.4, -16.5
1921,12,14,.325,    9404,01, 7,  172, 1111,   91,  585, 0.313,  59.6,  45.4,   8.1, -15.8
1921,12,14,.325,    9405,02, 2,   15,   40,   12,   31, 0.755, 281.6, 109.5,   8.0,  48.3
1921,12,14,.325,    9406,02, 9,   25,   97,   13,   50, 0.213,  49.6,  51.8,   6.9,  -9.4
1921,12,15,.414,    9404,01, 7,  179, 1431,   91,  725, 0.163,   7.3,  45.6,   8.1,  -1.2
1921,12,15,.414,    9406,02, 9,   17,   68,    9,   35, 0.178, 329.0,  52.1,   7.6,   5.3
1921,12,15,.414,    9407,01, 1,   19,   89,   81,  379, 0.992,  96.5, 323.8,  -6.6, -83.0
1921,12,16,.411,    9404,01, 7,  171, 1336,   89,  693, 0.264, 307.6,  45.9,   8.0,  12.2
1921,12,16,.411,    9406,02, 9,   20,  146,   11,   78, 0.341, 293.0,  52.1,   6.4,  18.4
1921,12,16,.411,    9407,01, 1,   50,  324,   74,  480, 0.940,  95.7, 323.7,  -5.8, -70.0
1921,12,17,.488,    9404,01, 7,  187, 1148,  106,  651, 0.470, 290.1,  46.0,   8.0,  26.5
1921,12,17,.488,    9406,02, 9,    8,   43,    5,   27, 0.579, 283.7,  54.0,   6.7,  34.5
1921,12,17,.488,    9407,01, 1,   79,  551,   71,  493, 0.826,  96.0, 323.8,  -5.8, -55.7
1921,12,17,.488,    9408,05, 4,    3,   11,    2,    6, 0.337,  44.5,   5.5,  12.5, -14.0
1921,12,18,.470,    9404,01, 7,  188, 1119,  124,  735, 0.646, 284.3,  45.8,   8.0,  39.2
1921,12,18,.470,    9406,02, 9,   11,   36,    9,   28, 0.760, 280.1,  55.5,   6.6,  48.9
1921,12,18,.470,    9407,01, 1,  111,  715,   76,  488, 0.677,  96.4, 324.1,  -5.5, -42.5
1921,12,18,.470,    9408,05, 4,   42,  184,   22,   95, 0.243,   3.2,   5.8,  12.5,  -0.8
1921,12,19,.330,    9404,01, 7,  121,  650,   96,  516, 0.774, 282.8,  45.1,   8.8,  49.8
1921,12,19,.330,    9406,02, 9,    6,   30,    7,   31, 0.867, 278.4,  55.0,   6.4,  59.7
1921,12,19,.330,    9407,01, 1,  121,  790,   71,  464, 0.520,  97.2, 324.1,  -5.2, -31.2
1921,12,19,.330,    9408,05, 4,   43,  157,   23,   83, 0.310, 324.2,   6.0,  12.9,  10.7
1921,12,20,.461,    9404,01, 7,   26,  218,   33,  269, 0.913, 279.9,  45.6,   8.3,  65.3
1921,12,20,.461,    9406,02, 9,    3,   23,    8,   50, 0.971, 276.8,  56.1,   6.2,  75.8
1921,12,20,.461,    9407,01, 1,  159,  798,   83,  416, 0.280, 103.2, 324.4,  -5.4, -15.9
1921,12,20,.461,    9408,05, 4,   31,  100,   18,   57, 0.464, 301.5,   4.2,  12.4,  23.9
1921,12,21,.338,    9404,01, 7,    6,   67,   18,  175, 0.981, 280.3,  47.0,   9.7,  78.2
1921,12,21,.338,    9407,01, 1,  139,  856,   70,  430, 0.095, 131.2, 324.7,  -5.5,  -4.1
1921,12,21,.338,    9408,05, 4,   50,  126,   32,   80, 0.612, 293.6,   3.9,  12.6,  35.1
1921,12,22,.329,    9407,01, 9,  135,  788,   69,  400, 0.167, 250.1, 324.9,  -5.3,   9.1
1921,12,22,.329,    9408,05, 4,   21,   47,   17,   37, 0.762, 287.8,   3.7,  12.1,  47.9
1921,12,22,.329,   91301,00, 0,   17,   68,    9,   35, 0.215, 179.6, 315.6, -14.5,  -0.1
1921,12,23,.451,    9407,01, 9,  143,  682,   79,  375, 0.414, 261.3, 325.3,  -5.6,  24.3
1921,12,23,.451,    9408,05, 4,    4,   16,    5,   20, 0.904, 283.1,   4.7,  10.9,  63.7
1921,12,24,.315,    9407,01, 9,   98,  587,   61,  363, 0.584, 263.8, 325.3,  -5.5,  35.7
1921,12,24,.315,    9408,05, 4,    1,   10,    4,   23, 0.971, 281.9,   5.1,  11.0,  75.5
1921,12,25,.320,    9407,01, 9,   84,  408,   65,  314, 0.757, 264.8, 325.5,  -5.5,  49.2
1921,12,25,.320,   91302,00, 0,    1,    3,    1,    2, 0.432, 302.9, 298.0,  11.3,  21.7
1921,12,26,.496,    9407,01, 9,   29,  220,   35,  262, 0.905, 265.2, 325.8,  -5.4,  65.0
1921,12,26,.496,    9409,05, 2,    3,   38,    2,   20, 0.250, 255.4, 274.9,  -6.1,  14.1
1921,12,27,.435,    9407,01, 9,   23,  117,   55,  276, 0.976, 265.2, 326.1,  -5.3,  77.6
1921,12,27,.435,    9409,05, 0,    0,    3,    0,    2, 0.434, 261.5, 274.1,  -6.1,  25.6
1921,12,27,.435,    9410,05, 4,   24,   91,   15,   56, 0.573,  66.2, 216.2,  11.1, -32.3
1921,12,28,.543,    9410,05, 4,   18,   81,   10,   44, 0.374,  50.9, 216.7,  11.0, -17.2
1921,12,28,.543,    9411,02, 0,    0,    5,    0,    9, 0.948,  96.8, 162.2,  -7.3, -71.7
1921,12,29,.469,    9410,05, 4,    7,   27,    4,   14, 0.252,  17.4, 217.3,  11.0,  -4.4
1921,12,29,.469,    9411,02, 0,    0,    4,    0,    4, 0.848,  96.7, 163.6,  -7.2, -58.1
1921,12,30,.325,    9411,02, 0,    0,    4,    0,    3, 0.712,  97.0, 165.0,  -7.1, -45.4
1921,12,31,.555,   91303,00, 0,    1,   13,    1,    7, 0.258, 220.6, 204.2, -14.4,  10.0
